Workbook
Name Widths_Single: Lists!$B$3:$E$3
Name Widths_BiPart: Lists!$B$4:$E$4
Name KeyToPN: Mapping!$A$2:$B$22

Sheet Lists
A1: Models | B1: ESA100 | C1: ESA200 | D1: ESA300 | E1: ESA100T | F1: ESA400 | G1: ESA500
A2: Config | B2: Single | C2: Bi-Part
A3: Widths_Single | B3: 5-0 | C3: 6-0 | D3: 7-0 | E3: 8-0
A4: Widths_BiPart | B4: 8-0 | C4: 9-0 | D4: 10-0 | E4: 12-0
A5: Heights | B5: 7-0 | C5: 8-0 | D5: 9-0
A6: Finish | B6: SN (Satin Nickel) | C6: 628 (Clear Anodized) | D6: 689 (Aluminum Painted)
A7: HeaderStyle | B7: Fine | C7: 4x6
A8: YesNo | B8: No | C8: Yes

Sheet PriceMatrix
A1: Key | B1: Model | C1: Config | D1: Width | E1: Base Price
A2: ESA100-Single-6-0 | B2: ESA100 | C2: Single | D2: 6-0 | E2: =IFERROR(VLOOKUP(VLOOKUP(A2,KeyToPN,2,FALSE),[ENS_Order_Forms_Fixed_Merged.xlsx]Catalog!$B:$E,4,FALSE),0)
A3: ESA100-Single-7-0 | B3: ESA100 | C3: Single | D3: 7-0 | E3: =IFERROR(VLOOKUP(VLOOKUP(A3,KeyToPN,2,FALSE),[ENS_Order_Forms_Fixed_Merged.xlsx]Catalog!$B:$E,4,FALSE),0)
A4: ESA100-Single-8-0 | B4: ESA100 | C4: Single | D4: 8-0 | E4: =IFERROR(VLOOKUP(VLOOKUP(A4,KeyToPN,2,FALSE),[ENS_Order_Forms_Fixed_Merged.xlsx]Catalog!$B:$E,4,FALSE),0)
A5: ESA200-Single-6-0 | B5: ESA200 | C5: Single | D5: 6-0 | E5: =IFERROR(VLOOKUP(VLOOKUP(A5,KeyToPN,2,FALSE),[ENS_Order_Forms_Fixed_Merged.xlsx]Catalog!$B:$E,4,FALSE),0)
A6: ESA200-Single-7-0 | B6: ESA200 | C6: Single | D6: 7-0 | E6: =IFERROR(VLOOKUP(VLOOKUP(A6,KeyToPN,2,FALSE),[ENS_Order_Forms_Fixed_Merged.xlsx]Catalog!$B:$E,4,FALSE),0)
A7: ESA200-Single-8-0 | B7: ESA200 | C7: Single | D7: 8-0 | E7: =IFERROR(VLOOKUP(VLOOKUP(A7,KeyToPN,2,FALSE),[ENS_Order_Forms_Fixed_Merged.xlsx]Catalog!$B:$E,4,FALSE),0)
A8: ESA300-Single-6-0 | B8: ESA300 | C8: Single | D8: 6-0 | E8: =IFERROR(VLOOKUP(VLOOKUP(A8,KeyToPN,2,FALSE),[ENS_Order_Forms_Fixed_Merged.xlsx]Catalog!$B:$E,4,FALSE),0)
A9: ESA300-Single-7-0 | B9: ESA300 | C9: Single | D9: 7-0 | E9: =IFERROR(VLOOKUP(VLOOKUP(A9,KeyToPN,2,FALSE),[ENS_Order_Forms_Fixed_Merged.xlsx]Catalog!$B:$E,4,FALSE),0)
A10: ESA300-Single-8-0 | B10: ESA300 | C10: Single | D10: 8-0 | E10: =IFERROR(VLOOKUP(VLOOKUP(A10,KeyToPN,2,FALSE),[ENS_Order_Forms_Fixed_Merged.xlsx]Catalog!$B:$E,4,FALSE),0)
A11: ESA400-Single-7-0 | B11: ESA400 | C11: Single | D11: 7-0 | E11: =IFERROR(VLOOKUP(VLOOKUP(A11,KeyToPN,2,FALSE),[ENS_Order_Forms_Fixed_Merged.xlsx]Catalog!$B:$E,4,FALSE),0)
A12: ESA500-Single-7-0 | B12: ESA500 | C12: Single | D12: 7-0 | E12: =IFERROR(VLOOKUP(VLOOKUP(A12,KeyToPN,2,FALSE),[ENS_Order_Forms_Fixed_Merged.xlsx]Catalog!$B:$E,4,FALSE),0)
A13: ESA100T-Single-7-0 | B13: ESA100T | C13: Single | D13: 7-0 | E13: =IFERROR(VLOOKUP(VLOOKUP(A13,KeyToPN,2,FALSE),[ENS_Order_Forms_Fixed_Merged.xlsx]Catalog!$B:$E,4,FALSE),0)
... A22: ESA100T-Bi-Part-10-0 | B22: ESA100T | C22: Bi-Part | D22: 10-0 | E22: =IFERROR(VLOOKUP(VLOOKUP(A22,KeyToPN,2,FALSE),[ENS_Order_Forms_Fixed_Merged.xlsx]Catalog!$B:$E,4,FALSE),0)
A24: Height | B24: Adder | E24: =IFERROR(VLOOKUP(VLOOKUP(A24,KeyToPN,2,FALSE),[ENS_Order_Forms_Fixed_Merged.xlsx]Catalog!$B:$E,4,FALSE),0)
A25: 7-0 | B25: 0 | E25: =IFERROR(VLOOKUP(VLOOKUP(A25,KeyToPN,2,FALSE),[ENS_Order_Forms_Fixed_Merged.xlsx]Catalog!$B:$E,4,FALSE),0)
A26: 8-0 | B26: 350 | E26: =IFERROR(VLOOKUP(VLOOKUP(A26,KeyToPN,2,FALSE),[ENS_Order_Forms_Fixed_Merged.xlsx]Catalog!$B:$E,4,FALSE),0)
A27: 9-0 | B27: 750 | E27: =IFERROR(VLOOKUP(VLOOKUP(A27,KeyToPN,2,FALSE),[ENS_Order_Forms_Fixed_Merged.xlsx]Catalog!$B:$E,4,FALSE),0)
A29: Transom (Yes=1/No=0) | B29: Adder | E29: =IFERROR(VLOOKUP(VLOOKUP(A29,KeyToPN,2,FALSE),[ENS_Order_Forms_Fixed_Merged.xlsx]Catalog!$B:$E,4,FALSE),0)
A30: 1 | B30: 500 | E30: =IFERROR(VLOOKUP(VLOOKUP(A30,KeyToPN,2,FALSE),[ENS_Order_Forms_Fixed_Merged.xlsx]Catalog!$B:$E,4,FALSE),0)
A31: 0 | B31: 0

Sheet Mapping
A1: Key | B1: Part Number | C1: Notes
A2: ESA100-Single-6-0 | B2: ESA100-SGL
A3: ESA100-Single-7-0 | B3: ESA100-SGL | C3: Use height adder
A4: ESA100-Single-8-0 | B4: ESA100-SGL | C4: Use height adder
A5: ESA200-Single-6-0 | B5: ESA200-SGL
A6: ESA200-Single-7-0 | B6: ESA200-SGL
A7: ESA200-Single-8-0 | B7: ESA200-SGL
A8: ESA300-Single-6-0 | B8: ESA300-SGL
A9: ESA300-Single-7-0 | B9: ESA300-SGL
A10: ESA300-Single-8-0 | B10: ESA300-SGL
A11: ESA400-Single-7-0 | B11: ESA400-SGL-7
A12: ESA500-Single-7-0 | B12: ESA500-SGL-7
A13: ESA100T-Single-7-0 | B13: ESA100T-SGL
A14: ESA100-Bi-Part-8-0 | B14: ESA100-BP
A15: ESA100-Bi-Part-10-0 | B15: ESA100-BP | C15: Use width adder
A16: ESA200-Bi-Part-8-0 | B16: ESA200-BP
A17: ESA200-Bi-Part-10-0 | B17: ESA200-BP
A18: ESA300-Bi-Part-8-0 | B18: ESA300-BP
A19: ESA300-Bi-Part-10-0 | B19: ESA300-BP
A20: ESA400-Bi-Part-10-0 | B20: ESA400-BP-10
A21: ESA500-Bi-Part-10-0 | B21: ESA500-BP-10
A22: ESA100T-Bi-Part-10-0 | B22: ESA100T-BP

Sheet Addons
A1: Addon | B1: Default Qty | C1: Unit Price | D1: Notes
A2: BEA 10EAGLE motion sensor (each) | B2: 2 | C2: 227
A3: BEA IXIO safety sensor (each) | B3: 2 | C3: 1316 | D3: Advanced presence/motion combo
A4: Push plate pair w/ logos | B4: 1 | C4: 118 | D4: Two 4.5in plates
A5: Dual keyswitch (DX4604-21C) | B5: 1 | C5: 370 | D5: RJ45 remote jamb mount
A6: Battery backup (DS2890-010) | B6: 1 | C6: 243 | D6: Open/Close/Normal
A7: Fire alarm interface relay | B7: 1 | C7: 65 | D7: Tie-in relay only
A8: Threshold 4-ft | B8: 1 | C8: 95 | D8: Aluminum threshold
A9: Threshold 6-ft | B9: 1 | C9: 135 | D9: Aluminum threshold
A10: Extra safety sensor (per leaf) | B10: 1 | C10: 300 | D10: Add coverage on bi-part

Sheet Configurator
B2: Automatic Sliding Door Configurator
B4: Model | E4: Lookup Key | F4: =C4 & "-" & C5 & "-" & C6
B5: Configuration | E5: Base Price | F5: =IFERROR(VLOOKUP(F4,PriceMatrix!$A:$E,5,FALSE),0)
B6: Clear Opening Width (COW) | E6: Height Adder | F6: =IFERROR(VLOOKUP(C7,PriceMatrix!$G:$H,2,FALSE),0)
B7: Overall Height | E7: Transom Adder | F7: =IFERROR(VLOOKUP(IF(C10="Yes",1,0),PriceMatrix!$J:$K,2,FALSE),0)
B8: Finish | E8: Pkg Subtotal (pre-finish) | F8: =F5+F6+F7
B9: Header Style | E9: Multipliers (combined) | F9: =PRODUCT(IFERROR(VLOOKUP("Finish"&"|"&C8,CHOOSE({1,2},AdvancedMultipliers!$A$2:$A$100&"|"&AdvancedMultipliers!$B$2:$B$100,AdvancedMultipliers!$C$2:$C$100),2,FALSE),1),IFERROR(VLOOKUP("Model"&"|"&C4,CHOOSE({1,2},AdvancedMultipliers!$A$2:$A$100&"|"&AdvancedMultipliers!$B$2:$B$100,AdvancedMultipliers!$C$2:$C$100),2,FALSE),1),IFERROR(VLOOKUP("Frame"&"|"&C12,CHOOSE({1,2},AdvancedMultipliers!$A$2:$A$100&"|"&AdvancedMultipliers!$B$2:$B$100,AdvancedMultipliers!$C$2:$C$100),2,FALSE),1),IFERROR(VLOOKUP("Glass"&"|"&C11,CHOOSE({1,2},AdvancedMultipliers!$A$2:$A$100&"|"&AdvancedMultipliers!$B$2:$B$100,AdvancedMultipliers!$C$2:$C$100),2,FALSE),1))
B10: Transom | E10: Pkg Subtotal (after finish) | F10: =F8*F9
B11: Glass Option | E11: Glass Adder | F11: =IFERROR(VLOOKUP(C11,GlassOptions!$A:$B,2,FALSE),0)
B12: Frame Kit | D12: Addon | E12: Frame Adder | F12: =IFERROR(VLOOKUP(C12,FrameKits!$A:$B,2,FALSE),0) | G12: Ext
B13: No | C13: =IF(B13="Yes","☑","☐") | D13: =Addons!A2 | E13: Pkg + Glass + Frame | F13: =F10+F11+F12 | G13: =IF(B13="Yes",E13*F13,0)
B14: =IF(OR(C7="8-0",C7="9-0"),"Yes","No") | D14: =Addons!A3 | E14: =Addons!B3 | F14: =Addons!C3 | G14: =IF(B14="Yes",E14*F14,0)
B15: Terms / Notes | D15: =Addons!A4 | E15: =Addons!B4 | F15: =Addons!C4 | G15: =IF(B15="Yes",E15*F15,0)
B16: No | C16: =IF(B16="Yes","☑","☐") | D16: =Addons!A5 | E16: =Addons!B5 | F16: =Addons!C5 | G16: =IF(B16="Yes",E16*F16,0)
B17: No | C17: =IF(B17="Yes","☑","☐") | D17: =Addons!A6 | E17: =Addons!B6 | F17: =Addons!C6 | G17: =IF(B17="Yes",E17*F17,0)
B18: No | C18: =IF(B18="Yes","☑","☐") | D18: =Addons!A7 | E18: =Addons!B7 | F18: =Addons!C7 | G18: =IF(B18="Yes",E18*F18,0)
B19: No | C19: =IF(B19="Yes","☑","☐") | D19: =Addons!A8 | E19: =Addons!B8 | F19: =Addons!C8 | G19: =IF(B19="Yes",E19*F19,0)
B20: No | C20: =IF(B20="Yes","☑","☐") | D20: =Addons!A9 | E20: =Addons!B9 | F20: =Addons!C9 | G20: =IF(B20="Yes",E20*F20,0)
B21: =IF(C5="Bi-Part","Yes","No") | C21: =IF(B21="Yes","☑","☐") | D21: =Addons!A10 | E21: =Addons!B10 | F21: =Addons!C10 | G21: =IF(B21="Yes",E21*F21,0)
F22: Addons Subtotal | G22: =SUM(G13:G21)
F23: Tax Rate | G23: 0
F24: Freight ($) | G24: 0
F25: Subtotal | G25: =F13+G22
F26: Tax | G26: =G25*G23
F27: Grand Total | G27: =G25+G26+G24

Sheet Quote
A1: Lanmor Systems — Automatic Sliding Door Quote
A2: Your Company | C2: Date | D2: Quote #
A3: Address | C3: =TODAY() | D3: =TEXT(TODAY(),"yymmdd")&"-"&TEXT(RANDBETWEEN(1,999),"000")
A4: City, State ZIP
A5: Contact
A6: Email
A7: Phone
A8: Clear Opening Width | B8: =Configurator!C6
A9: Overall Height | B9: =Configurator!C7
A10: Finish | B10: =Configurator!C8
A11: Header Style | B11: =Configurator!C9
A12: Transom | B12: =Configurator!C10
A13: Base Price | B13: =Configurator!F5
A14: Base Price | B14: =Configurator!F5
A15: Height Adder | B15: =Configurator!F6
A16: Transom Adder | B16: =Configurator!F7
A17: Finish Multiplier | B17: =Configurator!F9
A18: Pkg Subtotal (after finish) | B18: =Configurator!F10
A19: Glass Adder | B19: =Configurator!F11 | C19: Unit Price | D19: Ext
A20: Frame Adder | B20: =Configurator!F12 | C20: =IF(Configurator!B13="Yes",Configurator!F13,"") | D20: =IF(Configurator!B13="Yes",Configurator!G13,"")
A21: Package Total | B21: =Configurator!F13 | C21: =IF(Configurator!B14="Yes",Configurator!F14,"") | D21: =IF(Configurator!B14="Yes",Configurator!G14,"")
A22: =IF(Configurator!B15="Yes",Configurator!D15,"") | B22: =IF(Configurator!B15="Yes",Configurator!E15,"") | C22: =IF(Configurator!B15="Yes",Configurator!F15,"") | D22: =IF(Configurator!B15="Yes",Configurator!G15,"")
A23: =IF(Configurator!B16="Yes",Configurator!D16,"") | B23: =IF(Configurator!B16="Yes",Configurator!E16,"") | C23: =IF(Configurator!B16="Yes",Configurator!F16,"") | D23: =IF(Configurator!B16="Yes",Configurator!G16,"")
A24: =IF(Configurator!B17="Yes",Configurator!D17,"") | B24: =IF(Configurator!B17="Yes",Configurator!E17,"") | C24: =IF(Configurator!B17="Yes",Configurator!F17,"") | D24: =IF(Configurator!B17="Yes",Configurator!G17,"")
A25: =IF(Configurator!B18="Yes",Configurator!D18,"") | B25: =IF(Configurator!B18="Yes",Configurator!E18,"") | C25: =IF(Configurator!B18="Yes",Configurator!F18,"") | D25: =IF(Configurator!B18="Yes",Configurator!G18,"")
A26: =IF(Configurator!B19="Yes",Configurator!D19,"") | B26: =IF(Configurator!B19="Yes",Configurator!E19,"") | C26: =IF(Configurator!B19="Yes",Configurator!F19,"") | D26: =IF(Configurator!B19="Yes",Configurator!G19,"")
A27: =IF(Configurator!B20="Yes",Configurator!D20,"") | B27: =IF(Configurator!B20="Yes",Configurator!E20,"") | C27: =IF(Configurator!B20="Yes",Configurator!F20,"") | D27: =IF(Configurator!B20="Yes",Configurator!G20,"")
A28: Add-ons Subtotal | B28: =Configurator!G22 | C28: =IF(Configurator!B21="Yes",Configurator!F21,"") | D28: =IF(Configurator!B21="Yes",Configurator!G21,"")
A29: Subtotal | B29: =Configurator!F13+Configurator!G22
A30: Tax Rate | B30: =Configurator!G23
A31: Tax | B31: =Configurator!G26
A32: Freight | B32: =Configurator!G24
A33: Grand Total | B33: =Configurator!G27
A34: Freight | B34: =Configurator!G24
A35: Grand Total | B35: =Configurator!G27

Sheet FinishMultipliers
A1: Finish | B1: Multiplier
A2: SN (Satin Nickel) | B2: 1
A3: 628 (Clear Anodized) | B3: 1
A4: 689 (Aluminum Painted) | B4: 1.05

Sheet GlassOptions
A1: Glass Option | B1: Adder ($)
A2: Standard Tempered | B2: 0
A3: Low-E Tempered | B3: 180
A4: Laminated | B4: 360
A5: IGU (Insulated) | B5: 540

Sheet FrameKits
A1: Frame Kit | B1: Adder ($)
A2: Standard Narrow Stile | B2: 0
A3: Medium Stile | B3: 250
A4: Heavy Stile | B4: 450
A5: All-Glass | B5: 800

Sheet AdvancedMultipliers
A1: Dimension | B1: Key | C1: Multiplier
A2: Finish | B2: SN (Satin Nickel) | C2: 1
A3: Finish | B3: 628 (Clear Anodized) | C3: 1
A4: Finish | B4: 689 (Aluminum Painted) | C4: 1.05
A5: Model | B5: ESA400 | C5: 1.02
A6: Model | B6: ESA500 | C6: 1.03
A7: Frame | B7: Medium Stile | C7: 1.03
A8: Frame | B8: Heavy Stile | C8: 1.05
A9: Frame | B9: All-Glass | C9: 1.07
A10: Glass | B10: Low-E Tempered | C10: 1.02
A11: Glass | B11: Laminated | C11: 1.04
A12: Glass | B12: IGU (Insulated) | C12: 1.06
