Workbook

Sheet Hollow Metal
A1: Item Category | B1: Manufacturer | C1: Model / Part # | D1: Description | E1: Qty | F1: Size/Spec | G1: Finish | H1: Handing | I1: Fire/Smoke Rating | J1: Notes
D2: =IFERROR(VLOOKUP(C2,Catalog!$A:$B,2,FALSE),"")
D3: =IFERROR(VLOOKUP(C3,Catalog!$A:$B,2,FALSE),"")
D4: =IFERROR(VLOOKUP(C4,Catalog!$A:$B,2,FALSE),"")
D5: =IFERROR(VLOOKUP(C5,Catalog!$A:$B,2,FALSE),"")
D6: =IFERROR(VLOOKUP(C6,Catalog!$A:$B,2,FALSE),"")
D7: =IFERROR(VLOOKUP(C7,Catalog!$A:$B,2,FALSE),"")
D8: =IFERROR(VLOOKUP(C8,Catalog!$A:$B,2,FALSE),"")
D9: =IFERROR(VLOOKUP(C9,Catalog!$A:$B,2,FALSE),"")
D10: =IFERROR(VLOOKUP(C10,Catalog!$A:$B,2,FALSE),"")
D11: =IFERROR(VLOOKUP(C11,Catalog!$A:$B,2,FALSE),"")
D12: =IFERROR(VLOOKUP(C12,Catalog!$A:$B,2,FALSE),"")
D13: =IFERROR(VLOOKUP(C13,Catalog!$A:$B,2,FALSE),"")
... D51: =IFERROR(VLOOKUP(C51,Catalog!$A:$B,2,FALSE),"")

Sheet Wood
A1: Item Category | B1: Manufacturer | C1: Model / Part # | D1: Description | E1: Qty | F1: Size/Spec | G1: Finish | H1: Handing | I1: Fire/Smoke Rating | J1: Notes
D2: =IFERROR(VLOOKUP(C2,Catalog!$A:$B,2,FALSE),"")
D3: =IFERROR(VLOOKUP(C3,Catalog!$A:$B,2,FALSE),"")
D4: =IFERROR(VLOOKUP(C4,Catalog!$A:$B,2,FALSE),"")
D5: =IFERROR(VLOOKUP(C5,Catalog!$A:$B,2,FALSE),"")
D6: =IFERROR(VLOOKUP(C6,Catalog!$A:$B,2,FALSE),"")
D7: =IFERROR(VLOOKUP(C7,Catalog!$A:$B,2,FALSE),"")
D8: =IFERROR(VLOOKUP(C8,Catalog!$A:$B,2,FALSE),"")
D9: =IFERROR(VLOOKUP(C9,Catalog!$A:$B,2,FALSE),"")
D10: =IFERROR(VLOOKUP(C10,Catalog!$A:$B,2,FALSE),"")
D11: =IFERROR(VLOOKUP(C11,Catalog!$A:$B,2,FALSE),"")
D12: =IFERROR(VLOOKUP(C12,Catalog!$A:$B,2,FALSE),"")
D13: =IFERROR(VLOOKUP(C13,Catalog!$A:$B,2,FALSE),"")
... D51: =IFERROR(VLOOKUP(C51,Catalog!$A:$B,2,FALSE),"")

Sheet AlumGlass Storefront
A1: Item Category | B1: Manufacturer | C1: Model / Part # | D1: Description | E1: Qty | F1: Size/Spec | G1: Finish | H1: Handing | I1: Fire/Smoke Rating | J1: Notes
D2: =IFERROR(VLOOKUP(C2,Catalog!$A:$B,2,FALSE),"")
D3: =IFERROR(VLOOKUP(C3,Catalog!$A:$B,2,FALSE),"")
D4: =IFERROR(VLOOKUP(C4,Catalog!$A:$B,2,FALSE),"")
D5: =IFERROR(VLOOKUP(C5,Catalog!$A:$B,2,FALSE),"")
D6: =IFERROR(VLOOKUP(C6,Catalog!$A:$B,2,FALSE),"")
D7: =IFERROR(VLOOKUP(C7,Catalog!$A:$B,2,FALSE),"")
D8: =IFERROR(VLOOKUP(C8,Catalog!$A:$B,2,FALSE),"")
D9: =IFERROR(VLOOKUP(C9,Catalog!$A:$B,2,FALSE),"")
D10: =IFERROR(VLOOKUP(C10,Catalog!$A:$B,2,FALSE),"")
D11: =IFERROR(VLOOKUP(C11,Catalog!$A:$B,2,FALSE),"")
D12: =IFERROR(VLOOKUP(C12,Catalog!$A:$B,2,FALSE),"")
D13: =IFERROR(VLOOKUP(C13,Catalog!$A:$B,2,FALSE),"")
... D51: =IFERROR(VLOOKUP(C51,Catalog!$A:$B,2,FALSE),"")

Sheet FireRated NGP_TGP
A1: Item Category | B1: Manufacturer | C1: Model / Part # | D1: Description | E1: Qty | F1: Size/Spec | G1: Finish | H1: Handing | I1: Fire/Smoke Rating | J1: Notes
D2: =IFERROR(VLOOKUP(C2,Catalog!$A:$B,2,FALSE),"")
D3: =IFERROR(VLOOKUP(C3,Catalog!$A:$B,2,FALSE),"")
D4: =IFERROR(VLOOKUP(C4,Catalog!$A:$B,2,FALSE),"")
D5: =IFERROR(VLOOKUP(C5,Catalog!$A:$B,2,FALSE),"")
D6: =IFERROR(VLOOKUP(C6,Catalog!$A:$B,2,FALSE),"")
D7: =IFERROR(VLOOKUP(C7,Catalog!$A:$B,2,FALSE),"")
D8: =IFERROR(VLOOKUP(C8,Catalog!$A:$B,2,FALSE),"")
D9: =IFERROR(VLOOKUP(C9,Catalog!$A:$B,2,FALSE),"")
D10: =IFERROR(VLOOKUP(C10,Catalog!$A:$B,2,FALSE),"")
D11: =IFERROR(VLOOKUP(C11,Catalog!$A:$B,2,FALSE),"")
D12: =IFERROR(VLOOKUP(C12,Catalog!$A:$B,2,FALSE),"")
D13: =IFERROR(VLOOKUP(C13,Catalog!$A:$B,2,FALSE),"")
... D51: =IFERROR(VLOOKUP(C51,Catalog!$A:$B,2,FALSE),"")

Sheet Automated Opening
A1: Item Category | B1: Manufacturer | C1: Model / Part # | D1: Description | E1: Qty | F1: Size/Spec | G1: Finish | H1: Handing | I1: Fire/Smoke Rating | J1: Notes
D2: =IFERROR(VLOOKUP(C2,Catalog!$A:$B,2,FALSE),"")
D3: =IFERROR(VLOOKUP(C3,Catalog!$A:$B,2,FALSE),"")
D4: =IFERROR(VLOOKUP(C4,Catalog!$A:$B,2,FALSE),"")
D5: =IFERROR(VLOOKUP(C5,Catalog!$A:$B,2,FALSE),"")
D6: =IFERROR(VLOOKUP(C6,Catalog!$A:$B,2,FALSE),"")
D7: =IFERROR(VLOOKUP(C7,Catalog!$A:$B,2,FALSE),"")
D8: =IFERROR(VLOOKUP(C8,Catalog!$A:$B,2,FALSE),"")
D9: =IFERROR(VLOOKUP(C9,Catalog!$A:$B,2,FALSE),"")
D10: =IFERROR(VLOOKUP(C10,Catalog!$A:$B,2,FALSE),"")
D11: =IFERROR(VLOOKUP(C11,Catalog!$A:$B,2,FALSE),"")
D12: =IFERROR(VLOOKUP(C12,Catalog!$A:$B,2,FALSE),"")
D13: =IFERROR(VLOOKUP(C13,Catalog!$A:$B,2,FALSE),"")
... D51: =IFERROR(VLOOKUP(C51,Catalog!$A:$B,2,FALSE),"")

Sheet Electrified Panic
A1: Item Category | B1: Manufacturer | C1: Model / Part # | D1: Description | E1: Qty | F1: Size/Spec | G1: Finish | H1: Handing | I1: Fire/Smoke Rating | J1: Notes
D2: =IFERROR(VLOOKUP(C2,Catalog!$A:$B,2,FALSE),"")
D3: =IFERROR(VLOOKUP(C3,Catalog!$A:$B,2,FALSE),"")
D4: =IFERROR(VLOOKUP(C4,Catalog!$A:$B,2,FALSE),"")
D5: =IFERROR(VLOOKUP(C5,Catalog!$A:$B,2,FALSE),"")
D6: =IFERROR(VLOOKUP(C6,Catalog!$A:$B,2,FALSE),"")
D7: =IFERROR(VLOOKUP(C7,Catalog!$A:$B,2,FALSE),"")
D8: =IFERROR(VLOOKUP(C8,Catalog!$A:$B,2,FALSE),"")
D9: =IFERROR(VLOOKUP(C9,Catalog!$A:$B,2,FALSE),"")
D10: =IFERROR(VLOOKUP(C10,Catalog!$A:$B,2,FALSE),"")
D11: =IFERROR(VLOOKUP(C11,Catalog!$A:$B,2,FALSE),"")
D12: =IFERROR(VLOOKUP(C12,Catalog!$A:$B,2,FALSE),"")
D13: =IFERROR(VLOOKUP(C13,Catalog!$A:$B,2,FALSE),"")
... D51: =IFERROR(VLOOKUP(C51,Catalog!$A:$B,2,FALSE),"")

Sheet Lists
A1: ItemCategories | B1: Manufacturers | C1: Finishes | D1: Handing | E1: FireRatings
A2: Frame | B2: NGP | C2: 626 (US26D) Satin Chrome | D2: LH | E2: Non-Rated
A3: Door | B3: TGP (FireLite) | C3: 625 (US26) Bright Chrome | D3: LHR | E3: 20 Min
A4: Hinges | B4: Von Duprin | C4: 630 (US32D) Satin Stainless | D4: RH | E4: 45 Min (S)
A5: Lock/Lever/Trim | B5: Schlage | C5: 629 (US32) Bright Stainless | D5: RHR | E5: 60 Min (S)
A6: Exit Device | B6: Yale | C6: 605 (US3) Bright Brass | D6: LHRB | E6: 90 Min (S)
A7: Operator | B7: Command Access | C7: 606 (US4) Satin Brass | D7: RHRB | E7: 3 Hr (S)
A8: Arm/Track/Bracket | B8: Allegion | C8: 612 (US10) Satin Bronze | D8: Pair (LH Active) | E8: Smoke Only (S)
A9: Power Supply | B9: BEA | C9: 613 (US10B) Oil-Rubbed Bronze | D9: Pair (RH Active)
A10: Power Transfer | B10: DORMAKABA | C10: 619 (US15) Satin Nickel
A11: Reader/Keypad (By Others) | B11: Norton / Rixson | C11: 622 (US19) Matte Black
A12: Relay/Timer | B12: Sargent | C12: 689 Aluminum Painted
A13: Sensor/Plate/Push | B13: Corbin Russwin | C13: 690 Statuary Bronze Painted
A14: Maglock/Strike | B14: ASSA ABLOY | C14: 313 Dark Bronze Anodized
A15: Coordinator/Astragal | B15: HES | C15: 628 Satin Aluminum
A16: Gasketing/Seals/Threshold | B16: Securitron
A17: Vision Lite/Glazing | B17: CRL (C.R. Laurence)
A18: Accessories | B18: FHC
A19: Fasteners | B19: Hager
A20: Other | B20: Pemko
B21: SDC
B22: Adams Rite
B23: LCN
B24: Jeld‑Wen
B25: Aluminum Storefront (Generic)

Sheet Catalog
A1: Model / Part # | B1: Description | C1: Manufacturer (optional) | D1: Typical Category
A2: NGP 1815 | B2: Vision Lite Kit, 1-3/4" door, 5/16" glass, fire/smoke rated | C2: NGP | D2: Vision Lite/Glazing
A3: NGP 425 | B3: Perimeter Gasketing Set, smoke & draft control | C3: NGP | D3: Gasketing/Seals/Threshold
A4: TGP FireLite-NT 5/16 | B4: FireLite-NT Glass, 5/16", fire-protective glazing | C4: TGP (FireLite) | D4: Vision Lite/Glazing
A5: VD 99 QEL | B5: Von Duprin 99 Series Exit, Quiet Latch Retraction (QEL) | C5: Von Duprin | D5: Exit Device
A6: CA MLRK1-YAL6 | B6: Motor Latch Retraction Kit for Yale 600 Series | C6: Command Access | D6: Exit Device
A7: CA PS210 | B7: Power Supply, 24VDC, UL Listed | C7: Command Access | D7: Power Supply
A8: BEA 10TD900 | B8: Touchless Wave Plate, 900 MHz Tx | C8: BEA | D8: Sensor/Plate/Push
A9: BEA 10MS31 | B9: Microwave Motion Sensor for Auto Operators | C9: BEA | D9: Sensor/Plate/Push
A10: HES 9600 | B10: Surface Mount Electric Strike, 3,000 lbs static | C10: HES | D10: Maglock/Strike
A11: Securitron M680E | B11: MiniLine Magnalock, 1200 lbs holding force | C11: Securitron | D11: Maglock/Strike
A12: LCN 4040XP | B12: Surface Door Closer, adjustable spring | C12: LCN | D12: Accessories
... A16: FHC GRA-338 | B16: Glass Door Bottom Rail, 3-3/8" | C16: FHC | D16: Accessories
