Workbook
Name Accessories: Lists!$W$2:$W$5
Name Arm_Track_Bracket: Lists!$M$2:$M$4
Name Coordinator_Astragal: Lists!$T$2:$T$4
Name Door: Lists!$H$2:$H$4
Name Exit_Device: Lists!$K$2:$K$7
Name Fasteners: Lists!$X$2:$X$2
Name Finishes: Lists!$C$2:$C$15
Name FireRatings: Lists!$E$2:$E$8
Name Frame: Lists!$G$2:$G$4
Name Gasketing_Seals_Threshold: Lists!$U$2:$U$3
Name Handing: Lists!$D$2:$D$9
Name Hinges: Lists!$I$2:$I$4
Name ItemCategories: Lists!$A$2:$A$20
Name Lock_Lever_Trim: Lists!$J$2:$J$6
Name Maglock_Strike: Lists!$S$2:$S$5
Name Operator: Lists!$L$2:$L$4
Name Other: Lists!$Y$2:$Y$25
Name Power_Supply: Lists!$N$2:$N$4
Name Power_Transfer: Lists!$O$2:$O$4
Name Reader_Keypad__By_Others_: Lists!$P$2:$P$2
Name Relay_Timer: Lists!$Q$2:$Q$5
Name Sensor_Plate_Push: Lists!$R$2:$R$3
Name Vision_Lite_Glazing: Lists!$V$2:$V$5

Sheet Hollow Metal
A1: Item Category | B1: Manufacturer | C1: Model / Part # | D1: Description | E1: Qty | F1: Size/Spec | G1: Finish | H1: Handing | I1: Fire/Smoke Rating | J1: Notes
D2: =IFERROR(VLOOKUP(C2,Catalog!$A:$B,2,FALSE),"")
D3: =IFERROR(VLOOKUP(C3,Catalog!$A:$B,2,FALSE),"")
D4: =IFERROR(VLOOKUP(C4,Catalog!$A:$B,2,FALSE),"")
D5: =IFERROR(VLOOKUP(C5,Catalog!$A:$B,2,FALSE),"")
D6: =IFERROR(VLOOKUP(C6,Catalog!$A:$B,2,FALSE),"")
D7: =IFERROR(VLOOKUP(C7,Catalog!$A:$B,2,FALSE),"")
D8: =IFERROR(VLOOKUP(C8,Catalog!$A:$B,2,FALSE),"")
D9: =IFERROR(VLOOKUP(C9,Catalog!$A:$B,2,FALSE),"")
D10: =IFERROR(VLOOKUP(C10,Catalog!$A:$B,2,FALSE),"")
D11: =IFERROR(VLOOKUP(C11,Catalog!$A:$B,2,FALSE),"")
D12: =IFERROR(VLOOKUP(C12,Catalog!$A:$B,2,FALSE),"")
D13: =IFERROR(VLOOKUP(C13,Catalog!$A:$B,2,FALSE),"")
... D51: =IFERROR(VLOOKUP(C51,Catalog!$A:$B,2,FALSE),"")

Sheet Lists
A1: ItemCategories | B1: Manufacturers | C1: Finishes | D1: Handing | E1: FireRatings | G1: Frame | H1: Door | I1: Hinges | J1: Lock/Lever/Trim | K1: Exit Device | L1: Operator | M1: Arm/Track/Bracket | N1: Power Supply | O1: Power Transfer | P1: Reader/Keypad (By Others) | Q1: Relay/Timer | R1: Sensor/Plate/Push | S1: Maglock/Strike | T1: Coordinator/Astragal | U1: Gasketing/Seals/Threshold | V1: Vision Lite/Glazing | W1: Accessories | X1: Fasteners | Y1: Other
A2: Frame | B2: NGP | C2: 626 (US26D) Satin Chrome | D2: LH | E2: Non-Rated | G2: ASSA ABLOY | H2: Jeld‑Wen | I2: Hager | J2: Schlage | K2: Von Duprin | L2: Norton / Rixson | M2: Norton / Rixson | N2: Command Access | O2: ASSA ABLOY | P2: By Others | Q2: SDC | R2: BEA | S2: Securitron | T2: Hager | U2: NGP | V2: NGP | W2: Hager | X2: By Others | Y2: NGP
A3: Door | B3: TGP (FireLite) | C3: 625 (US26) Bright Chrome | D3: LHR | E3: 20 Min | G3: Allegion | H3: ASSA ABLOY | I3: ASSA ABLOY | J3: Yale | K3: Yale | L3: DORMAKABA | M3: DORMAKABA | N3: SDC | O3: SDC | Q3: Securitron | R3: SDC | S3: HES | T3: ASSA ABLOY | U3: Pemko | V3: TGP (FireLite) | W3: LCN | Y3: TGP (FireLite)
A4: Hinges | B4: Von Duprin | C4: 630 (US32D) Satin Stainless | D4: RH | E4: 45 Min (S) | G4: Hager | H4: Allegion | I4: Allegion | J4: Sargent | K4: Sargent | L4: LCN | M4: LCN | N4: Securitron | O4: Allegion | Q4: Allegion | S4: SDC | T4: Allegion | V4: CRL (C.R. Laurence) | W4: CRL (C.R. Laurence) | Y4: Von Duprin
A5: Lock/Lever/Trim | B5: Schlage | C5: 629 (US32) Bright Stainless | D5: RHR | E5: 60 Min (S) | J5: Corbin Russwin | K5: Corbin Russwin | Q5: ASSA ABLOY | S5: Adams Rite | V5: FHC | W5: FHC | Y5: Schlage
A6: Exit Device | B6: Yale | C6: 605 (US3) Bright Brass | D6: LHRB | E6: 90 Min (S) | J6: Adams Rite | K6: Adams Rite | Y6: Yale
A7: Operator | B7: Command Access | C7: 606 (US4) Satin Brass | D7: RHRB | E7: 3 Hr (S) | K7: Command Access | Y7: Command Access
A8: Arm/Track/Bracket | B8: Allegion | C8: 612 (US10) Satin Bronze | D8: Pair (LH Active) | E8: Smoke Only (S) | Y8: Allegion
A9: Power Supply | B9: BEA | C9: 613 (US10B) Oil-Rubbed Bronze | D9: Pair (RH Active) | Y9: BEA
A10: Power Transfer | B10: DORMAKABA | C10: 619 (US15) Satin Nickel | Y10: DORMAKABA
A11: Reader/Keypad (By Others) | B11: Norton / Rixson | C11: 622 (US19) Matte Black | Y11: Norton / Rixson
A12: Relay/Timer | B12: Sargent | C12: 689 Aluminum Painted | Y12: Sargent
A13: Sensor/Plate/Push | B13: Corbin Russwin | C13: 690 Statuary Bronze Painted | Y13: Corbin Russwin
A14: Maglock/Strike | B14: ASSA ABLOY | C14: 313 Dark Bronze Anodized | Y14: ASSA ABLOY
A15: Coordinator/Astragal | B15: HES | C15: 628 Satin Aluminum | Y15: HES
A16: Gasketing/Seals/Threshold | B16: Securitron | Y16: Securitron
A17: Vision Lite/Glazing | B17: CRL (C.R. Laurence) | Y17: CRL (C.R. Laurence)
A18: Accessories | B18: FHC | Y18: FHC
A19: Fasteners | B19: Hager | Y19: Hager
A20: Other | B20: Pemko | Y20: Pemko
B21: SDC | Y21: SDC
B22: Adams Rite | Y22: Adams Rite
B23: LCN | Y23: LCN
B24: Jeld‑Wen | Y24: Jeld‑Wen
B25: Aluminum Storefront (Generic) | Y25: Aluminum Storefront (Generic)

Sheet Catalog
A1: Model / Part # | B1: Description | C1: Manufacturer (optional) | D1: Typical Category
A2: NGP 1815 | B2: Vision Lite Kit, 1-3/4" door, 5/16" glass, fire/smoke rated | C2: NGP | D2: Vision Lite/Glazing
A3: NGP 425 | B3: Perimeter Gasketing Set, smoke & draft control | C3: NGP | D3: Gasketing/Seals/Threshold
A4: TGP FireLite-NT 5/16 | B4: FireLite-NT Glass, 5/16", fire-protective glazing | C4: TGP (FireLite) | D4: Vision Lite/Glazing
A5: VD 99 QEL | B5: Von Duprin 99 Series Exit, Quiet Latch Retraction (QEL) | C5: Von Duprin | D5: Exit Device
A6: CA MLRK1-YAL6 | B6: Motor Latch Retraction Kit for Yale 600 Series | C6: Command Access | D6: Exit Device
A7: CA PS210 | B7: Power Supply, 24VDC, UL Listed | C7: Command Access | D7: Power Supply
A8: BEA 10TD900 | B8: Touchless Wave Plate, 900 MHz Tx | C8: BEA | D8: Sensor/Plate/Push
A9: BEA 10MS31 | B9: Microwave Motion Sensor for Auto Operators | C9: BEA | D9: Sensor/Plate/Push
A10: HES 9600 | B10: Surface Mount Electric Strike, 3,000 lbs static | C10: HES | D10: Maglock/Strike
A11: Securitron M680E | B11: MiniLine Magnalock, 1200 lbs holding force | C11: Securitron | D11: Maglock/Strike
A12: LCN 4040XP | B12: Surface Door Closer, adjustable spring | C12: LCN | D12: Accessories
... A16: FHC GRA-338 | B16: Glass Door Bottom Rail, 3-3/8" | C16: FHC | D16: Accessories

Sheet Wood
A1: Item Category | B1: Manufacturer | C1: Model / Part # | D1: Description | E1: Qty | F1: Size/Spec | G1: Finish | H1: Handing | I1: Fire/Smoke Rating | J1: Notes
D2: =IFERROR(VLOOKUP(C2,Catalog!$A:$B,2,FALSE),"")
D3: =IFERROR(VLOOKUP(C3,Catalog!$A:$B,2,FALSE),"")
D4: =IFERROR(VLOOKUP(C4,Catalog!$A:$B,2,FALSE),"")
D5: =IFERROR(VLOOKUP(C5,Catalog!$A:$B,2,FALSE),"")
D6: =IFERROR(VLOOKUP(C6,Catalog!$A:$B,2,FALSE),"")
D7: =IFERROR(VLOOKUP(C7,Catalog!$A:$B,2,FALSE),"")
D8: =IFERROR(VLOOKUP(C8,Catalog!$A:$B,2,FALSE),"")
D9: =IFERROR(VLOOKUP(C9,Catalog!$A:$B,2,FALSE),"")
D10: =IFERROR(VLOOKUP(C10,Catalog!$A:$B,2,FALSE),"")
D11: =IFERROR(VLOOKUP(C11,Catalog!$A:$B,2,FALSE),"")
D12: =IFERROR(VLOOKUP(C12,Catalog!$A:$B,2,FALSE),"")
D13: =IFERROR(VLOOKUP(C13,Catalog!$A:$B,2,FALSE),"")
... D51: =IFERROR(VLOOKUP(C51,Catalog!$A:$B,2,FALSE),"")

Sheet AlumGlass Storefront
A1: Item Category | B1: Manufacturer | C1: Model / Part # | D1: Description | E1: Qty | F1: Size/Spec | G1: Finish | H1: Handing | I1: Fire/Smoke Rating | J1: Notes
D2: =IFERROR(VLOOKUP(C2,Catalog!$A:$B,2,FALSE),"")
D3: =IFERROR(VLOOKUP(C3,Catalog!$A:$B,2,FALSE),"")
D4: =IFERROR(VLOOKUP(C4,Catalog!$A:$B,2,FALSE),"")
D5: =IFERROR(VLOOKUP(C5,Catalog!$A:$B,2,FALSE),"")
D6: =IFERROR(VLOOKUP(C6,Catalog!$A:$B,2,FALSE),"")
D7: =IFERROR(VLOOKUP(C7,Catalog!$A:$B,2,FALSE),"")
D8: =IFERROR(VLOOKUP(C8,Catalog!$A:$B,2,FALSE),"")
D9: =IFERROR(VLOOKUP(C9,Catalog!$A:$B,2,FALSE),"")
D10: =IFERROR(VLOOKUP(C10,Catalog!$A:$B,2,FALSE),"")
D11: =IFERROR(VLOOKUP(C11,Catalog!$A:$B,2,FALSE),"")
D12: =IFERROR(VLOOKUP(C12,Catalog!$A:$B,2,FALSE),"")
D13: =IFERROR(VLOOKUP(C13,Catalog!$A:$B,2,FALSE),"")
... D51: =IFERROR(VLOOKUP(C51,Catalog!$A:$B,2,FALSE),"")

Sheet FireRated NGP_TGP
A1: Item Category | B1: Manufacturer | C1: Model / Part # | D1: Description | E1: Qty | F1: Size/Spec | G1: Finish | H1: Handing | I1: Fire/Smoke Rating | J1: Notes
D2: =IFERROR(VLOOKUP(C2,Catalog!$A:$B,2,FALSE),"")
D3: =IFERROR(VLOOKUP(C3,Catalog!$A:$B,2,FALSE),"")
D4: =IFERROR(VLOOKUP(C4,Catalog!$A:$B,2,FALSE),"")
D5: =IFERROR(VLOOKUP(C5,Catalog!$A:$B,2,FALSE),"")
D6: =IFERROR(VLOOKUP(C6,Catalog!$A:$B,2,FALSE),"")
D7: =IFERROR(VLOOKUP(C7,Catalog!$A:$B,2,FALSE),"")
D8: =IFERROR(VLOOKUP(C8,Catalog!$A:$B,2,FALSE),"")
D9: =IFERROR(VLOOKUP(C9,Catalog!$A:$B,2,FALSE),"")
D10: =IFERROR(VLOOKUP(C10,Catalog!$A:$B,2,FALSE),"")
D11: =IFERROR(VLOOKUP(C11,Catalog!$A:$B,2,FALSE),"")
D12: =IFERROR(VLOOKUP(C12,Catalog!$A:$B,2,FALSE),"")
D13: =IFERROR(VLOOKUP(C13,Catalog!$A:$B,2,FALSE),"")
... D51: =IFERROR(VLOOKUP(C51,Catalog!$A:$B,2,FALSE),"")

Sheet Automated Opening
A1: Item Category | B1: Manufacturer | C1: Model / Part # | D1: Description | E1: Qty | F1: Size/Spec | G1: Finish | H1: Handing | I1: Fire/Smoke Rating | J1: Notes
D2: =IFERROR(VLOOKUP(C2,Catalog!$A:$B,2,FALSE),"")
D3: =IFERROR(VLOOKUP(C3,Catalog!$A:$B,2,FALSE),"")
D4: =IFERROR(VLOOKUP(C4,Catalog!$A:$B,2,FALSE),"")
D5: =IFERROR(VLOOKUP(C5,Catalog!$A:$B,2,FALSE),"")
D6: =IFERROR(VLOOKUP(C6,Catalog!$A:$B,2,FALSE),"")
D7: =IFERROR(VLOOKUP(C7,Catalog!$A:$B,2,FALSE),"")
D8: =IFERROR(VLOOKUP(C8,Catalog!$A:$B,2,FALSE),"")
D9: =IFERROR(VLOOKUP(C9,Catalog!$A:$B,2,FALSE),"")
D10: =IFERROR(VLOOKUP(C10,Catalog!$A:$B,2,FALSE),"")
D11: =IFERROR(VLOOKUP(C11,Catalog!$A:$B,2,FALSE),"")
D12: =IFERROR(VLOOKUP(C12,Catalog!$A:$B,2,FALSE),"")
D13: =IFERROR(VLOOKUP(C13,Catalog!$A:$B,2,FALSE),"")
... D51: =IFERROR(VLOOKUP(C51,Catalog!$A:$B,2,FALSE),"")

Sheet Electrified Panic
A1: Item Category | B1: Manufacturer | C1: Model / Part # | D1: Description | E1: Qty | F1: Size/Spec | G1: Finish | H1: Handing | I1: Fire/Smoke Rating | J1: Notes
D2: =IFERROR(VLOOKUP(C2,Catalog!$A:$B,2,FALSE),"")
D3: =IFERROR(VLOOKUP(C3,Catalog!$A:$B,2,FALSE),"")
D4: =IFERROR(VLOOKUP(C4,Catalog!$A:$B,2,FALSE),"")
D5: =IFERROR(VLOOKUP(C5,Catalog!$A:$B,2,FALSE),"")
D6: =IFERROR(VLOOKUP(C6,Catalog!$A:$B,2,FALSE),"")
D7: =IFERROR(VLOOKUP(C7,Catalog!$A:$B,2,FALSE),"")
D8: =IFERROR(VLOOKUP(C8,Catalog!$A:$B,2,FALSE),"")
D9: =IFERROR(VLOOKUP(C9,Catalog!$A:$B,2,FALSE),"")
D10: =IFERROR(VLOOKUP(C10,Catalog!$A:$B,2,FALSE),"")
D11: =IFERROR(VLOOKUP(C11,Catalog!$A:$B,2,FALSE),"")
D12: =IFERROR(VLOOKUP(C12,Catalog!$A:$B,2,FALSE),"")
D13: =IFERROR(VLOOKUP(C13,Catalog!$A:$B,2,FALSE),"")
... D51: =IFERROR(VLOOKUP(C51,Catalog!$A:$B,2,FALSE),"")

Sheet SUMMARY
A1: BOM Summary
A3: Totals by Item Category | D3: Totals by Manufacturer
A4: Item Category | B4: Total Qty | D4: Manufacturer | E4: Total Qty
A5: Frame | B5: =SUMIF('Hollow Metal'!$A$2:$A$51,$A5,'Hollow Metal'!$E$2:$E$51)+SUMIF(Wood!$A$2:$A$51,$A5,Wood!$E$2:$E$51)+SUMIF('AlumGlass Storefront'!$A$2:$A$51,$A5,'AlumGlass Storefront'!$E$2:$E$51)+SUMIF('FireRated NGP_TGP'!$A$2:$A$51,$A5,'FireRated NGP_TGP'!$E$2:$E$51)+SUMIF('Automated Opening'!$A$2:$A$51,$A5,'Automated Opening'!$E$2:$E$51)+SUMIF('Electrified Panic'!$A$2:$A$51,$A5,'Electrified Panic'!$E$2:$E$51) -> 0 | D5: NGP | E5: =SUMIF('Hollow Metal'!$B$2:$B$51,$D5,'Hollow Metal'!$E$2:$E$51)+SUMIF(Wood!$B$2:$B$51,$D5,Wood!$E$2:$E$51)+SUMIF('AlumGlass Storefront'!$B$2:$B$51,$D5,'AlumGlass Storefront'!$E$2:$E$51)+SUMIF('FireRated NGP_TGP'!$B$2:$B$51,$D5,'FireRated NGP_TGP'!$E$2:$E$51)+SUMIF('Automated Opening'!$B$2:$B$51,$D5,'Automated Opening'!$E$2:$E$51)+SUMIF('Electrified Panic'!$B$2:$B$51,$D5,'Electrified Panic'!$E$2:$E$51) -> 0
A6: Door | B6: =SUMIF('Hollow Metal'!$A$2:$A$51,$A6,'Hollow Metal'!$E$2:$E$51)+SUMIF(Wood!$A$2:$A$51,$A6,Wood!$E$2:$E$51)+SUMIF('AlumGlass Storefront'!$A$2:$A$51,$A6,'AlumGlass Storefront'!$E$2:$E$51)+SUMIF('FireRated NGP_TGP'!$A$2:$A$51,$A6,'FireRated NGP_TGP'!$E$2:$E$51)+SUMIF('Automated Opening'!$A$2:$A$51,$A6,'Automated Opening'!$E$2:$E$51)+SUMIF('Electrified Panic'!$A$2:$A$51,$A6,'Electrified Panic'!$E$2:$E$51) -> 0 | D6: TGP (FireLite) | E6: =SUMIF('Hollow Metal'!$B$2:$B$51,$D6,'Hollow Metal'!$E$2:$E$51)+SUMIF(Wood!$B$2:$B$51,$D6,Wood!$E$2:$E$51)+SUMIF('AlumGlass Storefront'!$B$2:$B$51,$D6,'AlumGlass Storefront'!$E$2:$E$51)+SUMIF('FireRated NGP_TGP'!$B$2:$B$51,$D6,'FireRated NGP_TGP'!$E$2:$E$51)+SUMIF('Automated Opening'!$B$2:$B$51,$D6,'Automated Opening'!$E$2:$E$51)+SUMIF('Electrified Panic'!$B$2:$B$51,$D6,'Electrified Panic'!$E$2:$E$51) -> 0
A7: Hinges | B7: =SUMIF('Hollow Metal'!$A$2:$A$51,$A7,'Hollow Metal'!$E$2:$E$51)+SUMIF(Wood!$A$2:$A$51,$A7,Wood!$E$2:$E$51)+SUMIF('AlumGlass Storefront'!$A$2:$A$51,$A7,'AlumGlass Storefront'!$E$2:$E$51)+SUMIF('FireRated NGP_TGP'!$A$2:$A$51,$A7,'FireRated NGP_TGP'!$E$2:$E$51)+SUMIF('Automated Opening'!$A$2:$A$51,$A7,'Automated Opening'!$E$2:$E$51)+SUMIF('Electrified Panic'!$A$2:$A$51,$A7,'Electrified Panic'!$E$2:$E$51) -> 0 | D7: Von Duprin | E7: =SUMIF('Hollow Metal'!$B$2:$B$51,$D7,'Hollow Metal'!$E$2:$E$51)+SUMIF(Wood!$B$2:$B$51,$D7,Wood!$E$2:$E$51)+SUMIF('AlumGlass Storefront'!$B$2:$B$51,$D7,'AlumGlass Storefront'!$E$2:$E$51)+SUMIF('FireRated NGP_TGP'!$B$2:$B$51,$D7,'FireRated NGP_TGP'!$E$2:$E$51)+SUMIF('Automated Opening'!$B$2:$B$51,$D7,'Automated Opening'!$E$2:$E$51)+SUMIF('Electrified Panic'!$B$2:$B$51,$D7,'Electrified Panic'!$E$2:$E$51) -> 0
A8: Lock/Lever/Trim | B8: =SUMIF('Hollow Metal'!$A$2:$A$51,$A8,'Hollow Metal'!$E$2:$E$51)+SUMIF(Wood!$A$2:$A$51,$A8,Wood!$E$2:$E$51)+SUMIF('AlumGlass Storefront'!$A$2:$A$51,$A8,'AlumGlass Storefront'!$E$2:$E$51)+SUMIF('FireRated NGP_TGP'!$A$2:$A$51,$A8,'FireRated NGP_TGP'!$E$2:$E$51)+SUMIF('Automated Opening'!$A$2:$A$51,$A8,'Automated Opening'!$E$2:$E$51)+SUMIF('Electrified Panic'!$A$2:$A$51,$A8,'Electrified Panic'!$E$2:$E$51) -> 0 | D8: Schlage | E8: =SUMIF('Hollow Metal'!$B$2:$B$51,$D8,'Hollow Metal'!$E$2:$E$51)+SUMIF(Wood!$B$2:$B$51,$D8,Wood!$E$2:$E$51)+SUMIF('AlumGlass Storefront'!$B$2:$B$51,$D8,'AlumGlass Storefront'!$E$2:$E$51)+SUMIF('FireRated NGP_TGP'!$B$2:$B$51,$D8,'FireRated NGP_TGP'!$E$2:$E$51)+SUMIF('Automated Opening'!$B$2:$B$51,$D8,'Automated Opening'!$E$2:$E$51)+SUMIF('Electrified Panic'!$B$2:$B$51,$D8,'Electrified Panic'!$E$2:$E$51) -> 0
A9: Exit Device | B9: =SUMIF('Hollow Metal'!$A$2:$A$51,$A9,'Hollow Metal'!$E$2:$E$51)+SUMIF(Wood!$A$2:$A$51,$A9,Wood!$E$2:$E$51)+SUMIF('AlumGlass Storefront'!$A$2:$A$51,$A9,'AlumGlass Storefront'!$E$2:$E$51)+SUMIF('FireRated NGP_TGP'!$A$2:$A$51,$A9,'FireRated NGP_TGP'!$E$2:$E$51)+SUMIF('Automated Opening'!$A$2:$A$51,$A9,'Automated Opening'!$E$2:$E$51)+SUMIF('Electrified Panic'!$A$2:$A$51,$A9,'Electrified Panic'!$E$2:$E$51) -> 0 | D9: Yale | E9: =SUMIF('Hollow Metal'!$B$2:$B$51,$D9,'Hollow Metal'!$E$2:$E$51)+SUMIF(Wood!$B$2:$B$51,$D9,Wood!$E$2:$E$51)+SUMIF('AlumGlass Storefront'!$B$2:$B$51,$D9,'AlumGlass Storefront'!$E$2:$E$51)+SUMIF('FireRated NGP_TGP'!$B$2:$B$51,$D9,'FireRated NGP_TGP'!$E$2:$E$51)+SUMIF('Automated Opening'!$B$2:$B$51,$D9,'Automated Opening'!$E$2:$E$51)+SUMIF('Electrified Panic'!$B$2:$B$51,$D9,'Electrified Panic'!$E$2:$E$51) -> 0
A10: Operator | B10: =SUMIF('Hollow Metal'!$A$2:$A$51,$A10,'Hollow Metal'!$E$2:$E$51)+SUMIF(Wood!$A$2:$A$51,$A10,Wood!$E$2:$E$51)+SUMIF('AlumGlass Storefront'!$A$2:$A$51,$A10,'AlumGlass Storefront'!$E$2:$E$51)+SUMIF('FireRated NGP_TGP'!$A$2:$A$51,$A10,'FireRated NGP_TGP'!$E$2:$E$51)+SUMIF('Automated Opening'!$A$2:$A$51,$A10,'Automated Opening'!$E$2:$E$51)+SUMIF('Electrified Panic'!$A$2:$A$51,$A10,'Electrified Panic'!$E$2:$E$51) -> 0 | D10: Command Access | E10: =SUMIF('Hollow Metal'!$B$2:$B$51,$D10,'Hollow Metal'!$E$2:$E$51)+SUMIF(Wood!$B$2:$B$51,$D10,Wood!$E$2:$E$51)+SUMIF('AlumGlass Storefront'!$B$2:$B$51,$D10,'AlumGlass Storefront'!$E$2:$E$51)+SUMIF('FireRated NGP_TGP'!$B$2:$B$51,$D10,'FireRated NGP_TGP'!$E$2:$E$51)+SUMIF('Automated Opening'!$B$2:$B$51,$D10,'Automated Opening'!$E$2:$E$51)+SUMIF('Electrified Panic'!$B$2:$B$51,$D10,'Electrified Panic'!$E$2:$E$51) -> 0
A11: Arm/Track/Bracket | B11: =SUMIF('Hollow Metal'!$A$2:$A$51,$A11,'Hollow Metal'!$E$2:$E$51)+SUMIF(Wood!$A$2:$A$51,$A11,Wood!$E$2:$E$51)+SUMIF('AlumGlass Storefront'!$A$2:$A$51,$A11,'AlumGlass Storefront'!$E$2:$E$51)+SUMIF('FireRated NGP_TGP'!$A$2:$A$51,$A11,'FireRated NGP_TGP'!$E$2:$E$51)+SUMIF('Automated Opening'!$A$2:$A$51,$A11,'Automated Opening'!$E$2:$E$51)+SUMIF('Electrified Panic'!$A$2:$A$51,$A11,'Electrified Panic'!$E$2:$E$51) -> 0 | D11: Allegion | E11: =SUMIF('Hollow Metal'!$B$2:$B$51,$D11,'Hollow Metal'!$E$2:$E$51)+SUMIF(Wood!$B$2:$B$51,$D11,Wood!$E$2:$E$51)+SUMIF('AlumGlass Storefront'!$B$2:$B$51,$D11,'AlumGlass Storefront'!$E$2:$E$51)+SUMIF('FireRated NGP_TGP'!$B$2:$B$51,$D11,'FireRated NGP_TGP'!$E$2:$E$51)+SUMIF('Automated Opening'!$B$2:$B$51,$D11,'Automated Opening'!$E$2:$E$51)+SUMIF('Electrified Panic'!$B$2:$B$51,$D11,'Electrified Panic'!$E$2:$E$51) -> 0
A12: Power Supply | B12: =SUMIF('Hollow Metal'!$A$2:$A$51,$A12,'Hollow Metal'!$E$2:$E$51)+SUMIF(Wood!$A$2:$A$51,$A12,Wood!$E$2:$E$51)+SUMIF('AlumGlass Storefront'!$A$2:$A$51,$A12,'AlumGlass Storefront'!$E$2:$E$51)+SUMIF('FireRated NGP_TGP'!$A$2:$A$51,$A12,'FireRated NGP_TGP'!$E$2:$E$51)+SUMIF('Automated Opening'!$A$2:$A$51,$A12,'Automated Opening'!$E$2:$E$51)+SUMIF('Electrified Panic'!$A$2:$A$51,$A12,'Electrified Panic'!$E$2:$E$51) -> 0 | D12: BEA | E12: =SUMIF('Hollow Metal'!$B$2:$B$51,$D12,'Hollow Metal'!$E$2:$E$51)+SUMIF(Wood!$B$2:$B$51,$D12,Wood!$E$2:$E$51)+SUMIF('AlumGlass Storefront'!$B$2:$B$51,$D12,'AlumGlass Storefront'!$E$2:$E$51)+SUMIF('FireRated NGP_TGP'!$B$2:$B$51,$D12,'FireRated NGP_TGP'!$E$2:$E$51)+SUMIF('Automated Opening'!$B$2:$B$51,$D12,'Automated Opening'!$E$2:$E$51)+SUMIF('Electrified Panic'!$B$2:$B$51,$D12,'Electrified Panic'!$E$2:$E$51) -> 0
A13: Power Transfer | B13: =SUMIF('Hollow Metal'!$A$2:$A$51,$A13,'Hollow Metal'!$E$2:$E$51)+SUMIF(Wood!$A$2:$A$51,$A13,Wood!$E$2:$E$51)+SUMIF('AlumGlass Storefront'!$A$2:$A$51,$A13,'AlumGlass Storefront'!$E$2:$E$51)+SUMIF('FireRated NGP_TGP'!$A$2:$A$51,$A13,'FireRated NGP_TGP'!$E$2:$E$51)+SUMIF('Automated Opening'!$A$2:$A$51,$A13,'Automated Opening'!$E$2:$E$51)+SUMIF('Electrified Panic'!$A$2:$A$51,$A13,'Electrified Panic'!$E$2:$E$51) -> 0 | D13: DORMAKABA | E13: =SUMIF('Hollow Metal'!$B$2:$B$51,$D13,'Hollow Metal'!$E$2:$E$51)+SUMIF(Wood!$B$2:$B$51,$D13,Wood!$E$2:$E$51)+SUMIF('AlumGlass Storefront'!$B$2:$B$51,$D13,'AlumGlass Storefront'!$E$2:$E$51)+SUMIF('FireRated NGP_TGP'!$B$2:$B$51,$D13,'FireRated NGP_TGP'!$E$2:$E$51)+SUMIF('Automated Opening'!$B$2:$B$51,$D13,'Automated Opening'!$E$2:$E$51)+SUMIF('Electrified Panic'!$B$2:$B$51,$D13,'Electrified Panic'!$E$2:$E$51) -> 0
A14: Reader/Keypad (By Others) | B14: =SUMIF('Hollow Metal'!$A$2:$A$51,$A14,'Hollow Metal'!$E$2:$E$51)+SUMIF(Wood!$A$2:$A$51,$A14,Wood!$E$2:$E$51)+SUMIF('AlumGlass Storefront'!$A$2:$A$51,$A14,'AlumGlass Storefront'!$E$2:$E$51)+SUMIF('FireRated NGP_TGP'!$A$2:$A$51,$A14,'FireRated NGP_TGP'!$E$2:$E$51)+SUMIF('Automated Opening'!$A$2:$A$51,$A14,'Automated Opening'!$E$2:$E$51)+SUMIF('Electrified Panic'!$A$2:$A$51,$A14,'Electrified Panic'!$E$2:$E$51) -> 0 | D14: Norton / Rixson | E14: =SUMIF('Hollow Metal'!$B$2:$B$51,$D14,'Hollow Metal'!$E$2:$E$51)+SUMIF(Wood!$B$2:$B$51,$D14,Wood!$E$2:$E$51)+SUMIF('AlumGlass Storefront'!$B$2:$B$51,$D14,'AlumGlass Storefront'!$E$2:$E$51)+SUMIF('FireRated NGP_TGP'!$B$2:$B$51,$D14,'FireRated NGP_TGP'!$E$2:$E$51)+SUMIF('Automated Opening'!$B$2:$B$51,$D14,'Automated Opening'!$E$2:$E$51)+SUMIF('Electrified Panic'!$B$2:$B$51,$D14,'Electrified Panic'!$E$2:$E$51) -> 0
A15: Relay/Timer | B15: =SUMIF('Hollow Metal'!$A$2:$A$51,$A15,'Hollow Metal'!$E$2:$E$51)+SUMIF(Wood!$A$2:$A$51,$A15,Wood!$E$2:$E$51)+SUMIF('AlumGlass Storefront'!$A$2:$A$51,$A15,'AlumGlass Storefront'!$E$2:$E$51)+SUMIF('FireRated NGP_TGP'!$A$2:$A$51,$A15,'FireRated NGP_TGP'!$E$2:$E$51)+SUMIF('Automated Opening'!$A$2:$A$51,$A15,'Automated Opening'!$E$2:$E$51)+SUMIF('Electrified Panic'!$A$2:$A$51,$A15,'Electrified Panic'!$E$2:$E$51) -> 0 | D15: Sargent | E15: =SUMIF('Hollow Metal'!$B$2:$B$51,$D15,'Hollow Metal'!$E$2:$E$51)+SUMIF(Wood!$B$2:$B$51,$D15,Wood!$E$2:$E$51)+SUMIF('AlumGlass Storefront'!$B$2:$B$51,$D15,'AlumGlass Storefront'!$E$2:$E$51)+SUMIF('FireRated NGP_TGP'!$B$2:$B$51,$D15,'FireRated NGP_TGP'!$E$2:$E$51)+SUMIF('Automated Opening'!$B$2:$B$51,$D15,'Automated Opening'!$E$2:$E$51)+SUMIF('Electrified Panic'!$B$2:$B$51,$D15,'Electrified Panic'!$E$2:$E$51) -> 0
A16: Sensor/Plate/Push | B16: =SUMIF('Hollow Metal'!$A$2:$A$51,$A16,'Hollow Metal'!$E$2:$E$51)+SUMIF(Wood!$A$2:$A$51,$A16,Wood!$E$2:$E$51)+SUMIF('AlumGlass Storefront'!$A$2:$A$51,$A16,'AlumGlass Storefront'!$E$2:$E$51)+SUMIF('FireRated NGP_TGP'!$A$2:$A$51,$A16,'FireRated NGP_TGP'!$E$2:$E$51)+SUMIF('Automated Opening'!$A$2:$A$51,$A16,'Automated Opening'!$E$2:$E$51)+SUMIF('Electrified Panic'!$A$2:$A$51,$A16,'Electrified Panic'!$E$2:$E$51) -> 0 | D16: Corbin Russwin | E16: =SUMIF('Hollow Metal'!$B$2:$B$51,$D16,'Hollow Metal'!$E$2:$E$51)+SUMIF(Wood!$B$2:$B$51,$D16,Wood!$E$2:$E$51)+SUMIF('AlumGlass Storefront'!$B$2:$B$51,$D16,'AlumGlass Storefront'!$E$2:$E$51)+SUMIF('FireRated NGP_TGP'!$B$2:$B$51,$D16,'FireRated NGP_TGP'!$E$2:$E$51)+SUMIF('Automated Opening'!$B$2:$B$51,$D16,'Automated Opening'!$E$2:$E$51)+SUMIF('Electrified Panic'!$B$2:$B$51,$D16,'Electrified Panic'!$E$2:$E$51) -> 0
... A23: Other | B23: =SUMIF('Hollow Metal'!$A$2:$A$51,$A23,'Hollow Metal'!$E$2:$E$51)+SUMIF(Wood!$A$2:$A$51,$A23,Wood!$E$2:$E$51)+SUMIF('AlumGlass Storefront'!$A$2:$A$51,$A23,'AlumGlass Storefront'!$E$2:$E$51)+SUMIF('FireRated NGP_TGP'!$A$2:$A$51,$A23,'FireRated NGP_TGP'!$E$2:$E$51)+SUMIF('Automated Opening'!$A$2:$A$51,$A23,'Automated Opening'!$E$2:$E$51)+SUMIF('Electrified Panic'!$A$2:$A$51,$A23,'Electrified Panic'!$E$2:$E$51) -> 0 | D23: Pemko | E23: =SUMIF('Hollow Metal'!$B$2:$B$51,$D23,'Hollow Metal'!$E$2:$E$51)+SUMIF(Wood!$B$2:$B$51,$D23,Wood!$E$2:$E$51)+SUMIF('AlumGlass Storefront'!$B$2:$B$51,$D23,'AlumGlass Storefront'!$E$2:$E$51)+SUMIF('FireRated NGP_TGP'!$B$2:$B$51,$D23,'FireRated NGP_TGP'!$E$2:$E$51)+SUMIF('Automated Opening'!$B$2:$B$51,$D23,'Automated Opening'!$E$2:$E$51)+SUMIF('Electrified Panic'!$B$2:$B$51,$D23,'Electrified Panic'!$E$2:$E$51) -> 0
D24: SDC | E24: =SUMIF('Hollow Metal'!$B$2:$B$51,$D24,'Hollow Metal'!$E$2:$E$51)+SUMIF(Wood!$B$2:$B$51,$D24,Wood!$E$2:$E$51)+SUMIF('AlumGlass Storefront'!$B$2:$B$51,$D24,'AlumGlass Storefront'!$E$2:$E$51)+SUMIF('FireRated NGP_TGP'!$B$2:$B$51,$D24,'FireRated NGP_TGP'!$E$2:$E$51)+SUMIF('Automated Opening'!$B$2:$B$51,$D24,'Automated Opening'!$E$2:$E$51)+SUMIF('Electrified Panic'!$B$2:$B$51,$D24,'Electrified Panic'!$E$2:$E$51) -> 0
D25: Adams Rite | E25: =SUMIF('Hollow Metal'!$B$2:$B$51,$D25,'Hollow Metal'!$E$2:$E$51)+SUMIF(Wood!$B$2:$B$51,$D25,Wood!$E$2:$E$51)+SUMIF('AlumGlass Storefront'!$B$2:$B$51,$D25,'AlumGlass Storefront'!$E$2:$E$51)+SUMIF('FireRated NGP_TGP'!$B$2:$B$51,$D25,'FireRated NGP_TGP'!$E$2:$E$51)+SUMIF('Automated Opening'!$B$2:$B$51,$D25,'Automated Opening'!$E$2:$E$51)+SUMIF('Electrified Panic'!$B$2:$B$51,$D25,'Electrified Panic'!$E$2:$E$51) -> 0
D26: LCN | E26: =SUMIF('Hollow Metal'!$B$2:$B$51,$D26,'Hollow Metal'!$E$2:$E$51)+SUMIF(Wood!$B$2:$B$51,$D26,Wood!$E$2:$E$51)+SUMIF('AlumGlass Storefront'!$B$2:$B$51,$D26,'AlumGlass Storefront'!$E$2:$E$51)+SUMIF('FireRated NGP_TGP'!$B$2:$B$51,$D26,'FireRated NGP_TGP'!$E$2:$E$51)+SUMIF('Automated Opening'!$B$2:$B$51,$D26,'Automated Opening'!$E$2:$E$51)+SUMIF('Electrified Panic'!$B$2:$B$51,$D26,'Electrified Panic'!$E$2:$E$51) -> 0
D27: Jeld‑Wen | E27: =SUMIF('Hollow Metal'!$B$2:$B$51,$D27,'Hollow Metal'!$E$2:$E$51)+SUMIF(Wood!$B$2:$B$51,$D27,Wood!$E$2:$E$51)+SUMIF('AlumGlass Storefront'!$B$2:$B$51,$D27,'AlumGlass Storefront'!$E$2:$E$51)+SUMIF('FireRated NGP_TGP'!$B$2:$B$51,$D27,'FireRated NGP_TGP'!$E$2:$E$51)+SUMIF('Automated Opening'!$B$2:$B$51,$D27,'Automated Opening'!$E$2:$E$51)+SUMIF('Electrified Panic'!$B$2:$B$51,$D27,'Electrified Panic'!$E$2:$E$51) -> 0
D28: Aluminum Storefront (Generic) | E28: =SUMIF('Hollow Metal'!$B$2:$B$51,$D28,'Hollow Metal'!$E$2:$E$51)+SUMIF(Wood!$B$2:$B$51,$D28,Wood!$E$2:$E$51)+SUMIF('AlumGlass Storefront'!$B$2:$B$51,$D28,'AlumGlass Storefront'!$E$2:$E$51)+SUMIF('FireRated NGP_TGP'!$B$2:$B$51,$D28,'FireRated NGP_TGP'!$E$2:$E$51)+SUMIF('Automated Opening'!$B$2:$B$51,$D28,'Automated Opening'!$E$2:$E$51)+SUMIF('Electrified Panic'!$B$2:$B$51,$D28,'Electrified Panic'!$E$2:$E$51) -> 0
