Workbook
Name GlazingTypes: Glazing!$A$2:$A$11

Sheet Kits
A1: kit_model | B1: kit_type | C1: door_materials | D1: std_door_thickness_in | E1: variable_thickness | F1: positive_pressure_UL10C | G1: max_fire_rating_metal_door | H1: max_fire_rating_wood_door | I1: smoke_S_label_capable | J1: ada_bottom_edge_max_in | K1: std_glazing_tape | L1: intumescent_tape | M1: stc_option | N1: notes_use_case | O1: preset_hospital | P1: preset_hotel | Q1: default_finish | R1: finish_note | S1: pricing_matrix_ref | T1: pricing_notes | U1: adder_mullion_bar_each | V1: adder_torx_screws_upto_24x24 | W1: adder_torx_screws_over_24x24 | X1: adder_lead_lining_per_perimeter_in | Y1: adder_stc_per_sqft | Z1: size_width_in | AA1: size_height_in | AB1: visible_glass_area_sqft | AC1: base_price_from_matrix | AD1: finish_code | AE1: finish_multiplier | AF1: mullion_bars_qty | AG1: torx_size_flag | AH1: lead_perimeter_inches | AI1: stc_area_sqft | AJ1: zinc_el_plate | AK1: door_fire_rating_min | AL1: glazing_selector | AM1: allowed_area_sqin | AN1: code_status | AO1: door_thickness_in | AP1: eligibility_status | AQ1: variable_thickness_supported | AR1: looked_up_price
A2: L-FRA100 | B2: Low Profile (steel) | C2: Hollow Metal, Wood, Aluminum (field install) | D2: 1.75 | E2: Via L-FRA100-SP option | F2: Yes | G2: 3 hr (per UL listings) | H2: 90 min (per UL listings) | I2: Yes (with compliant assembly UL 1784/NFPA 105) | J2: 43 | K2: L-GT-118 (Closed-cell PVC 1/8") | L2: 9800C (for 90–180 min where required) | M2: Yes (add-on) | N2: General hospital/hotel corridor & service doors; clean, slim profile | O2: TRUE | P2: TRUE | Q2: GPZ Gray Primer | R2: Optional colors available; some add 25% (see Finishes sheet) | S2: NGP 2025 Price Book (Lite Kit + FireLite NT + L-GT-118) | T2: Size-based matrix; adders may apply (mullion, STC, finishes, lead lining, Torx) | U2: 217 | V2: 18.5 | W2: 37 | X2: 10 | Y2: 21.75 | AB2: =IFERROR((Z2*AA2)/144,"") -> 0 | AC2: =IF(AC2="",AR2,AC2) -> 0 | AD2: GPZ | AF2: 0 | AJ2: FALSE | AK2: 45 | AM2: =IF(OR(ISNUMBER(SEARCH("FireLite",AL2)),ISNUMBER(SEARCH("Pyran",AL2)),ISNUMBER(SEARCH("Protect3",AL2)),ISNUMBER(SEARCH("Wired",AL2))),IF(OR(AK2="60",AK2="90"),100,IF(OR(AK2="20",AK2="45"),1296,"")),"") -> 0 | AN2: =IF(OR(AM2="",IFERROR(AB2*144,"")=""),"",IF(IFERROR(AB2*144,"")<=AM2,"OK","EXCEEDS LIMIT")) -> 0 | AO2: 1.75 | AP2: =IF(AO2="","",IF(VALUE(AO2)=1.75,"OK",IF(AQ2=TRUE,"CHECK CUT SHEET","NOT ELIGIBLE"))) -> 0 | AQ2: TRUE | AR2: =IF(ISNUMBER(SEARCH("Pyran Platinum L",AL2)),=IFERROR(INDEX(SizeMatrix_PyranL!$E:$E,MATCH(1,((SizeMatrix_PyranL!$B:$B=AL2)*(SizeMatrix_PyranL!$C:$C=Z2)*(SizeMatrix_PyranL!$D:$D=AA2)),0)),""),IF(ISNUMBER(SEARCH("Pyran Platinum F",AL2)),=IFERROR(INDEX(SizeMatrix_PyranF!$E:$E,MATCH(1,((SizeMatrix_PyranF!$B:$B=AL2)*(SizeMatrix_PyranF!$C:$C=Z2)*(SizeMatrix_PyranF!$D:$D=AA2)),0)),""),=IFERROR(INDEX(SizeMatrix_FireLite!$E:$E,MATCH(1,((SizeMatrix_FireLite!$B:$B=AL2)*(SizeMatrix_FireLite!$C:$C=Z2)*(SizeMatrix_FireLite!$D:$D=AA2)),0)),""))) -> 0
A3: L-GLF100 | B3: Low Profile (steel) | C3: Hollow Metal, Wood | D3: 1.75 | E3: Specify at order | F3: Yes | G3: 3 hr | H3: 90 min | I3: Yes (with compliant assembly UL 1784/NFPA 105) | J3: 43 | K3: L-GT-118 | L3: 9800C | M3: Yes | N3: Large hospital corridor lites; accepts mullion bar option | O3: TRUE | P3: TRUE | Q3: GPZ Gray Primer | R3: Optional colors available; some add 25% (see Finishes sheet) | S3: NGP 2025 Price Book (Lite Kit + FireLite NT + L-GT-118) | T3: Size-based matrix; adders may apply (mullion, STC, finishes, lead lining, Torx) | U3: 217 | V3: 18.5 | W3: 37 | X3: 10 | Y3: 21.75 | AB3: =IFERROR((Z3*AA3)/144,"") -> 0 | AC3: =IF(AC3="",AR3,AC3) -> 0 | AD3: GPZ | AF3: 0 | AJ3: FALSE | AK3: 45 | AM3: =IF(OR(ISNUMBER(SEARCH("FireLite",AL3)),ISNUMBER(SEARCH("Pyran",AL3)),ISNUMBER(SEARCH("Protect3",AL3)),ISNUMBER(SEARCH("Wired",AL3))),IF(OR(AK3="60",AK3="90"),100,IF(OR(AK3="20",AK3="45"),1296,"")),"") -> 0 | AN3: =IF(OR(AM3="",IFERROR(AB3*144,"")=""),"",IF(IFERROR(AB3*144,"")<=AM3,"OK","EXCEEDS LIMIT")) -> 0 | AO3: 1.75 | AP3: =IF(AO3="","",IF(VALUE(AO3)=1.75,"OK",IF(AQ3=TRUE,"CHECK CUT SHEET","NOT ELIGIBLE"))) -> 0 | AQ3: TRUE | AR3: =IF(ISNUMBER(SEARCH("Pyran Platinum L",AL3)),=IFERROR(INDEX(SizeMatrix_PyranL!$E:$E,MATCH(1,((SizeMatrix_PyranL!$B:$B=AL3)*(SizeMatrix_PyranL!$C:$C=Z3)*(SizeMatrix_PyranL!$D:$D=AA3)),0)),""),IF(ISNUMBER(SEARCH("Pyran Platinum F",AL3)),=IFERROR(INDEX(SizeMatrix_PyranF!$E:$E,MATCH(1,((SizeMatrix_PyranF!$B:$B=AL3)*(SizeMatrix_PyranF!$C:$C=Z3)*(SizeMatrix_PyranF!$D:$D=AA3)),0)),""),=IFERROR(INDEX(SizeMatrix_FireLite!$E:$E,MATCH(1,((SizeMatrix_FireLite!$B:$B=AL3)*(SizeMatrix_FireLite!$C:$C=Z3)*(SizeMatrix_FireLite!$D:$D=AA3)),0)),""))) -> 0
A4: L-GLF100-TB | B4: Thru-Bolted (steel) | C4: Wood (also HM) | D4: 1.75 | E4: Specify at order | F4: Yes | G4: 3 hr | H4: 90 min | I4: Yes (with compliant assembly UL 1784/NFPA 105) | J4: 43 | K4: L-GT-118 | L4: 9800C | M4: Yes | N4: Preferred on wood doors or oversized lites; higher clamp strength | O4: TRUE | P4: TRUE | Q4: GPZ Gray Primer | R4: Optional colors available; some add 25% (see Finishes sheet) | S4: NGP 2025 Price Book (Lite Kit + FireLite NT + L-GT-118) | T4: Size-based matrix; adders may apply (mullion, STC, finishes, lead lining, Torx) | U4: 217 | V4: 18.5 | W4: 37 | X4: 10 | Y4: 21.75 | AB4: =IFERROR((Z4*AA4)/144,"") -> 0 | AC4: =IF(AC4="",AR4,AC4) -> 0 | AD4: GPZ | AF4: 0 | AJ4: FALSE | AK4: 45 | AM4: =IF(OR(ISNUMBER(SEARCH("FireLite",AL4)),ISNUMBER(SEARCH("Pyran",AL4)),ISNUMBER(SEARCH("Protect3",AL4)),ISNUMBER(SEARCH("Wired",AL4))),IF(OR(AK4="60",AK4="90"),100,IF(OR(AK4="20",AK4="45"),1296,"")),"") -> 0 | AN4: =IF(OR(AM4="",IFERROR(AB4*144,"")=""),"",IF(IFERROR(AB4*144,"")<=AM4,"OK","EXCEEDS LIMIT")) -> 0 | AO4: 1.75 | AP4: =IF(AO4="","",IF(VALUE(AO4)=1.75,"OK",IF(AQ4=TRUE,"CHECK CUT SHEET","NOT ELIGIBLE"))) -> 0 | AQ4: TRUE | AR4: =IF(ISNUMBER(SEARCH("Pyran Platinum L",AL4)),=IFERROR(INDEX(SizeMatrix_PyranL!$E:$E,MATCH(1,((SizeMatrix_PyranL!$B:$B=AL4)*(SizeMatrix_PyranL!$C:$C=Z4)*(SizeMatrix_PyranL!$D:$D=AA4)),0)),""),IF(ISNUMBER(SEARCH("Pyran Platinum F",AL4)),=IFERROR(INDEX(SizeMatrix_PyranF!$E:$E,MATCH(1,((SizeMatrix_PyranF!$B:$B=AL4)*(SizeMatrix_PyranF!$C:$C=Z4)*(SizeMatrix_PyranF!$D:$D=AA4)),0)),""),=IFERROR(INDEX(SizeMatrix_FireLite!$E:$E,MATCH(1,((SizeMatrix_FireLite!$B:$B=AL4)*(SizeMatrix_FireLite!$C:$C=Z4)*(SizeMatrix_FireLite!$D:$D=AA4)),0)),""))) -> 0
A5: LO-PRO | B5: Low Profile (steel), countersunk screws | C5: Hollow Metal, Wood | D5: 1.75 | E5: 3/16, 1/4, 5/16 glazing spaces per cut sheet | F5: Yes | G5: 3 hr | H5: 90 min | I5: Yes (with compliant assembly UL 1784/NFPA 105) | J5: 43 | K5: L-GT-118 | L5: 9800C | M5: Yes | N5: Clean aesthetic for hotels & healthcare corridors | O5: TRUE | P5: TRUE | Q5: GPZ Gray Primer | R5: Optional colors available; some add 25% (see Finishes sheet) | S5: NGP 2025 Price Book (Lite Kit + FireLite NT + L-GT-118) | T5: Size-based matrix; adders may apply (mullion, STC, finishes, lead lining, Torx) | U5: 217 | V5: 18.5 | W5: 37 | X5: 10 | Y5: 21.75 | AB5: =IFERROR((Z5*AA5)/144,"") -> 0 | AC5: =IF(AC5="",AR5,AC5) -> 0 | AD5: GPZ | AF5: 0 | AJ5: FALSE | AK5: 45 | AM5: =IF(OR(ISNUMBER(SEARCH("FireLite",AL5)),ISNUMBER(SEARCH("Pyran",AL5)),ISNUMBER(SEARCH("Protect3",AL5)),ISNUMBER(SEARCH("Wired",AL5))),IF(OR(AK5="60",AK5="90"),100,IF(OR(AK5="20",AK5="45"),1296,"")),"") -> 0 | AN5: =IF(OR(AM5="",IFERROR(AB5*144,"")=""),"",IF(IFERROR(AB5*144,"")<=AM5,"OK","EXCEEDS LIMIT")) -> 0 | AO5: 1.75 | AP5: =IF(AO5="","",IF(VALUE(AO5)=1.75,"OK",IF(AQ5=TRUE,"CHECK CUT SHEET","NOT ELIGIBLE"))) -> 0 | AQ5: TRUE | AR5: =IF(ISNUMBER(SEARCH("Pyran Platinum L",AL5)),=IFERROR(INDEX(SizeMatrix_PyranL!$E:$E,MATCH(1,((SizeMatrix_PyranL!$B:$B=AL5)*(SizeMatrix_PyranL!$C:$C=Z5)*(SizeMatrix_PyranL!$D:$D=AA5)),0)),""),IF(ISNUMBER(SEARCH("Pyran Platinum F",AL5)),=IFERROR(INDEX(SizeMatrix_PyranF!$E:$E,MATCH(1,((SizeMatrix_PyranF!$B:$B=AL5)*(SizeMatrix_PyranF!$C:$C=Z5)*(SizeMatrix_PyranF!$D:$D=AA5)),0)),""),=IFERROR(INDEX(SizeMatrix_FireLite!$E:$E,MATCH(1,((SizeMatrix_FireLite!$B:$B=AL5)*(SizeMatrix_FireLite!$C:$C=Z5)*(SizeMatrix_FireLite!$D:$D=AA5)),0)),""))) -> 0
A6: SG-10 | B6: Security Lite Kit (thru-bolted) | C6: Hollow Metal, Wood | D6: 1.75 | E6: Specify | F6: Check model/listing | G6: Up to 90 min (per listing & glass) | H6: Up to 90 min (per listing & glass) | I6: Assembly-dependent | J6: 43 | K6: L-GT-118 | L6: 9800C | N6: Behavioral health/security; compatible with SSD slide cover option | O6: TRUE | P6: FALSE | Q6: GPZ Gray Primer | R6: Optional colors available; some add 25% (see Finishes sheet) | S6: NGP 2025 Price Book (Lite Kit + FireLite NT + L-GT-118) | T6: Size-based matrix; adders may apply (mullion, STC, finishes, lead lining, Torx) | U6: 217 | V6: 18.5 | W6: 37 | X6: 10 | Y6: 21.75 | AB6: =IFERROR((Z6*AA6)/144,"") -> 0 | AC6: =IF(AC6="",AR6,AC6) -> 0 | AD6: GPZ | AF6: 0 | AJ6: FALSE | AK6: 45 | AM6: =IF(OR(ISNUMBER(SEARCH("FireLite",AL6)),ISNUMBER(SEARCH("Pyran",AL6)),ISNUMBER(SEARCH("Protect3",AL6)),ISNUMBER(SEARCH("Wired",AL6))),IF(OR(AK6="60",AK6="90"),100,IF(OR(AK6="20",AK6="45"),1296,"")),"") -> 0 | AN6: =IF(OR(AM6="",IFERROR(AB6*144,"")=""),"",IF(IFERROR(AB6*144,"")<=AM6,"OK","EXCEEDS LIMIT")) -> 0 | AO6: 1.75 | AP6: =IF(AO6="","",IF(VALUE(AO6)=1.75,"OK",IF(AQ6=TRUE,"CHECK CUT SHEET","NOT ELIGIBLE"))) -> 0 | AQ6: TRUE | AR6: =IF(ISNUMBER(SEARCH("Pyran Platinum L",AL6)),=IFERROR(INDEX(SizeMatrix_PyranL!$E:$E,MATCH(1,((SizeMatrix_PyranL!$B:$B=AL6)*(SizeMatrix_PyranL!$C:$C=Z6)*(SizeMatrix_PyranL!$D:$D=AA6)),0)),""),IF(ISNUMBER(SEARCH("Pyran Platinum F",AL6)),=IFERROR(INDEX(SizeMatrix_PyranF!$E:$E,MATCH(1,((SizeMatrix_PyranF!$B:$B=AL6)*(SizeMatrix_PyranF!$C:$C=Z6)*(SizeMatrix_PyranF!$D:$D=AA6)),0)),""),=IFERROR(INDEX(SizeMatrix_FireLite!$E:$E,MATCH(1,((SizeMatrix_FireLite!$B:$B=AL6)*(SizeMatrix_FireLite!$C:$C=Z6)*(SizeMatrix_FireLite!$D:$D=AA6)),0)),""))) -> 0
A7: STORM-PRO-HR | B7: Hurricane-Rated Low Profile | C7: Hollow Metal, Wood, Aluminum (door-dependent) | D7: 1.75 | E7: Specify | F7: N/A (wind/impact focus) | G7: Non-fire (hurricane) | H7: Non-fire (hurricane) | J7: 43 | K7: Per hurricane IGU requirement | M7: IGU dependent | N7: Coastal hotel/hospital exterior doors; ASTM E1886/E1996 impact | O7: FALSE | P7: TRUE | Q7: GPZ Gray Primer | R7: Optional colors available; some add 25% (see Finishes sheet) | S7: NGP 2025 Price Book (Lite Kit + FireLite NT + L-GT-118) | T7: Size-based matrix; adders may apply (mullion, STC, finishes, lead lining, Torx) | U7: 217 | V7: 18.5 | W7: 37 | X7: 10 | Y7: 21.75 | AB7: =IFERROR((Z7*AA7)/144,"") -> 0 | AC7: =IF(AC7="",AR7,AC7) -> 0 | AD7: GPZ | AF7: 0 | AJ7: FALSE | AK7: 45 | AM7: =IF(OR(ISNUMBER(SEARCH("FireLite",AL7)),ISNUMBER(SEARCH("Pyran",AL7)),ISNUMBER(SEARCH("Protect3",AL7)),ISNUMBER(SEARCH("Wired",AL7))),IF(OR(AK7="60",AK7="90"),100,IF(OR(AK7="20",AK7="45"),1296,"")),"") -> 0 | AN7: =IF(OR(AM7="",IFERROR(AB7*144,"")=""),"",IF(IFERROR(AB7*144,"")<=AM7,"OK","EXCEEDS LIMIT")) -> 0 | AO7: 1.75 | AP7: =IF(AO7="","",IF(VALUE(AO7)=1.75,"OK",IF(AQ7=TRUE,"CHECK CUT SHEET","NOT ELIGIBLE"))) -> 0 | AQ7: TRUE | AR7: =IF(ISNUMBER(SEARCH("Pyran Platinum L",AL7)),=IFERROR(INDEX(SizeMatrix_PyranL!$E:$E,MATCH(1,((SizeMatrix_PyranL!$B:$B=AL7)*(SizeMatrix_PyranL!$C:$C=Z7)*(SizeMatrix_PyranL!$D:$D=AA7)),0)),""),IF(ISNUMBER(SEARCH("Pyran Platinum F",AL7)),=IFERROR(INDEX(SizeMatrix_PyranF!$E:$E,MATCH(1,((SizeMatrix_PyranF!$B:$B=AL7)*(SizeMatrix_PyranF!$C:$C=Z7)*(SizeMatrix_PyranF!$D:$D=AA7)),0)),""),=IFERROR(INDEX(SizeMatrix_FireLite!$E:$E,MATCH(1,((SizeMatrix_FireLite!$B:$B=AL7)*(SizeMatrix_FireLite!$C:$C=Z7)*(SizeMatrix_FireLite!$D:$D=AA7)),0)),""))) -> 0

Sheet Glazing
A1: glass_type | B1: thickness_in | C1: fire_rating | D1: max_visible_area_sq_in_<=45 | E1: max_visible_area_sq_in_60_90 | F1: impact_safety | G1: stc_rating | H1: required_tape | I1: ul_mark_on_pane | J1: notes | K1: meets_CPSC_1201_Cat_I_II | L1: meets_ANSI_Z97_1 | M1: ul10c_positive_pressure_ready
A2: TGP FireLite NT (filmed ceramic) | B2: approx. 3/16–1/4 (nominal ceramic) | C2: UL fire-rated (per pane etch); commonly specified up to 90 min in doors | D2: Per kit & listing | E2: Often limited to 100 sq in in 60/90 min by code unless fire-resistive | F2: CPSC 16 CFR 1201 Cat I & II; ANSI Z97.1 Class A | G2: — | H2: L-GT-118 (closed-cell PVC) both sides | I2: Yes | J2: Stock sizes to 47x59; special to 46x94 (per NGP price book); used in L-FRA100/L-GLF100/LO-PRO | K2: TRUE | L2: TRUE | M2: TRUE
A3: Pyran Platinum F (film-faced ceramic) | B3: 3/16 | C3: 20–90 min doors; 180 min doors (100 sq in max) | D3: 3708 | E3: 100 (at 180 min) | F3: CPSC Cat I & II; ANSI Z97.1 Class A | G3: STC 31 | H3: L-GT-116/118/132 PVC; 9800C intumescent where required | I3: Yes (etched) | J3: Clear wireless ceramic; 10-yr mfr warranty per catalog | K3: TRUE | L3: TRUE | M3: TRUE
A4: Pyran Platinum L (laminated ceramic) | B4: 3/8 | C4: 20–90 min doors; 180 min doors (100 sq in max) | D4: 2736 | E4: 100 (at 180 min) | F4: CPSC Cat I & II; ANSI Z97.1 Class A | G4: STC 36 | H4: L-GT-116/118/132 PVC; 9800C as needed | I4: Yes (etched) | J4: Laminated ceramic for higher STC & safety | K4: TRUE | L4: TRUE | M4: TRUE
A5: Protect3 (Safety Wired) | B5: 1/4 | C5: 20/45/60/90 (size-limited) | D5: 1296 | E5: 100 | F5: CPSC Cat I & II; ANSI Z97.1 Class A | G5: STC 28 | H5: L-GT-116/118/132 PVC; 9800C for higher ratings | I5: Yes | J5: Wired mesh with safety film; hose stream capable | K5: TRUE | L5: TRUE | M5: TRUE
A6: Fire Protective Wired (non-safety) | B6: 1/4 | C6: 20/45/60/90 (size-limited) | D6: 1296 | E6: 100 | F6: Class C only; NOT IBC compliant in doors/sidelites | G6: STC 28 | H6: L-GT-116/118/132; 9800C for 45–90 | I6: Yes | J6: Use only where not subject to human impact (per code) | K6: FALSE | L6: FALSE | M6: TRUE
A7: TEMP20 (tempered fire-protective) | B7: 1/4 | C7: 20 min (no hose stream) | D7: 3204 (20 min doors) | E7: — | F7: CPSC Cat I & II; ANSI Z97.1 Class A | G7: STC 28 | H7: Closed-cell PVC per kit | I7: Yes (fire & safety) | J7: Economical 20-minute option | K7: TRUE | L7: TRUE | M7: FALSE
A8: Tempered (non-fire-rated) | B8: 1/4 | C8: Non-fire | D8: — | E8: — | F8: CPSC Cat I & II; ANSI Z97.1 Class A | G8: STC 31 | H8: — | J8: General safety glazing where no fire rating required | K8: TRUE | L8: TRUE | M8: FALSE
A9: Insulated Tempered (IGU 1") | B9: 1" unit | C9: Non-fire | D9: — | E9: — | F9: CPSC Cat I & II | G9: STC 35 | H9: Butyl/PVC per kit | J9: Energy performance; not for fire doors | K9: TRUE | L9: FALSE | M9: FALSE
A10: Laminated (1/4") | B10: 1/4 | C10: Non-fire | D10: — | E10: — | F10: CPSC Cat I & II | G10: STC 35 | H10: — | J10: Security/sound; non-fire | K10: TRUE | L10: FALSE | M10: FALSE
A11: Polycarbonate (high impact) | B11: 1/4, 1/2 | C11: Non-fire | D11: — | E11: — | F11: High impact (specify hard coat) | G11: STC 29 (1/4), STC 34 (1/2) | H11: — | J11: Behavioral health/abuse resistant; verify scratch-resistant coating | K11: FALSE | L11: FALSE | M11: FALSE

Sheet Finishes
A1: finish_code | B1: finish_name | C1: multiplier | D1: notes
A2: GPZ | B2: Gray Primer | C2: 1 | D2: Standard
A3: T | B3: Tan | C3: 1 | D3: No extra charge
A4: DKB | B4: Dark Bronze | C4: 1 | D4: No extra charge
A5: BPR | B5: Beige Primer (Steelcraft match) | C5: 1 | D5: No extra charge
A6: CAB | B6: California Bronze (Anemostat match) | C6: 1 | D6: No extra charge
A7: PTY | B7: Putty (Anemostat Beige match) | C7: 1 | D7: No extra charge
A8: B | B8: Brass (Gold) | C8: 1.25 | D8: Add 25%
A9: GBL | B9: Gloss Black | C9: 1.25 | D9: Add 25%
A10: W | B10: White | C10: 1.25 | D10: Add 25%
A11: MBL | B11: Matte Black | C11: 1.25 | D11: Add 25%
A12: TBL | B12: Textured Black | C12: 1.25 | D12: Add 25%
A13: ASL | B13: Aluminum Silver | C13: 1.25 | D13: Add 25%
... A17: ZINC | B17: Zinc EL-Plate | C17: 1 | D17: Add $500 flat adder

Sheet Adders
A1: adder_name | B1: unit | C1: value
A2: Mullion bar (L-GLF100/L-GLF100-TB) | B2: each | C2: 217
A3: Torx security screws ≤ 24x24 | B3: per kit | C3: 18.5
A4: Torx security screws > 24x24 | B4: per kit | C4: 37
A5: Lead lining | B5: per perimeter inch | C5: 10
A6: STC option | B6: per square foot | C6: 21.75
A7: Zinc EL-Plate | B7: flat | C7: 500

Sheet RoundGlass
A1: round_kit_size | B1: glass_type | C1: price_usd
A2: 12" | B2: FireLite NT (example) | C2: 1210
A3: 18" | B3: FireLite NT (example) | C3: 2260
A4: 24" | B4: FireLite NT (example) | C4: 2850

Sheet SizeMatrix_FireLite
A1: kit_model | B1: glass_type | C1: width_in | D1: height_in | E1: price_usd
B2: FireLite NT | C2: 4 | D2: 4
B3: FireLite NT | C3: 4 | D3: 6
B4: FireLite NT | C4: 4 | D4: 8
B5: FireLite NT | C5: 4 | D5: 10
B6: FireLite NT | C6: 4 | D6: 12
B7: FireLite NT | C7: 4 | D7: 14
B8: FireLite NT | C8: 4 | D8: 16
B9: FireLite NT | C9: 4 | D9: 18
B10: FireLite NT | C10: 4 | D10: 20
B11: FireLite NT | C11: 4 | D11: 22
B12: FireLite NT | C12: 4 | D12: 24
B13: FireLite NT | C13: 4 | D13: 26
... B990: FireLite NT | C990: 48 | D990: 88

Sheet SizeMatrix_PyranF
A1: kit_model | B1: glass_type | C1: width_in | D1: height_in | E1: price_usd
B2: Pyran Platinum F | C2: 4 | D2: 4
B3: Pyran Platinum F | C3: 4 | D3: 6
B4: Pyran Platinum F | C4: 4 | D4: 8
B5: Pyran Platinum F | C5: 4 | D5: 10
B6: Pyran Platinum F | C6: 4 | D6: 12
B7: Pyran Platinum F | C7: 4 | D7: 14
B8: Pyran Platinum F | C8: 4 | D8: 16
B9: Pyran Platinum F | C9: 4 | D9: 18
B10: Pyran Platinum F | C10: 4 | D10: 20
B11: Pyran Platinum F | C11: 4 | D11: 22
B12: Pyran Platinum F | C12: 4 | D12: 24
B13: Pyran Platinum F | C13: 4 | D13: 26
... B990: Pyran Platinum F | C990: 48 | D990: 88

Sheet SizeMatrix_PyranL
A1: kit_model | B1: glass_type | C1: width_in | D1: height_in | E1: price_usd
B2: Pyran Platinum L | C2: 4 | D2: 4
B3: Pyran Platinum L | C3: 4 | D3: 6
B4: Pyran Platinum L | C4: 4 | D4: 8
B5: Pyran Platinum L | C5: 4 | D5: 10
B6: Pyran Platinum L | C6: 4 | D6: 12
B7: Pyran Platinum L | C7: 4 | D7: 14
B8: Pyran Platinum L | C8: 4 | D8: 16
B9: Pyran Platinum L | C9: 4 | D9: 18
B10: Pyran Platinum L | C10: 4 | D10: 20
B11: Pyran Platinum L | C11: 4 | D11: 22
B12: Pyran Platinum L | C12: 4 | D12: 24
B13: Pyran Platinum L | C13: 4 | D13: 26
... B990: Pyran Platinum L | C990: 48 | D990: 88
